,area_km2,mean_SPM,max_SPM,min_SPM,stdDev_SPM,time_finish,time_start,year,WATER_PERIOD
0,821.5818752326537,185.75168083500353,306.0490417480469,6.048137187957764,75.43100587715509,1990-02-23,1990-01-18,1990,R
1,1328.1065329602675,35.79548601883213,220.133544921875,5.868872165679932,20.544099733578825,1990-08-06,1990-02-23,1990,HW
2,1177.9901365910873,27.31080937024172,282.4901123046875,5.868872165679932,20.91641121719867,1990-09-09,1990-08-06,1990,F
3,1042.6132690898216,126.40686502355815,306.0490417480469,5.929328441619873,70.05946306908106,1990-12-22,1990-09-09,1990,LW
4,1047.8971717434415,58.32321392439949,298.3011474609375,5.939962863922119,39.88293724756619,1991-03-01,1990-12-22,1990,R
5,1025.2125168513305,198.989725976944,298.3011474609375,9.00770378112793,55.045288082212686,1992-02-19,1991-09-10,1991,LW
6,1243.9976855964044,51.098036659045704,282.4901123046875,6.15207052230835,23.524095137330132,1992-07-28,1992-05-22,1992,F
7,884.2563647996187,222.56590034490645,306.0490417480469,10.602988243103027,57.79652065327687,1992-12-24,1992-07-28,1992,LW
8,1061.0335190643907,92.19027906781137,306.0490417480469,9.23123550415039,56.964527316337595,1993-02-14,1992-12-24,1992,R
9,1440.0734369550355,22.763292130592138,217.03683471679688,6.004939556121826,17.14401908060014,1993-08-05,1993-02-14,1993,HW
10,1383.2961520714455,45.26106073384154,296.4863586425781,6.048137187957764,20.12854682876976,1993-09-12,1993-08-05,1993,F
11,982.2766210430462,98.01359569526582,306.0490417480469,6.488508701324463,68.44510594766115,1993-11-29,1993-09-12,1993,LW
12,1199.3030161506292,27.833677541186955,282.4901123046875,5.8980278968811035,24.52509720801475,1994-08-25,1994-01-15,1994,HW
13,1311.5125500722083,39.43620138367386,283.12060546875,6.048137187957764,18.655626471751347,1994-10-01,1994-08-25,1994,F
14,1003.1628282542129,104.55276285723203,296.4863586425781,6.781344413757324,56.80241772763302,1994-12-26,1994-10-01,1994,LW
15,1159.6540166867185,53.92886289434488,288.7114562988281,5.8923492431640625,37.8868075990477,1995-07-20,1995-03-26,1995,HW
16,1262.8478471893677,22.61347045851396,282.4901123046875,5.6749958992004395,23.87588333205999,1995-08-17,1995-07-20,1995,F
17,617.3864330964858,142.9794627249951,306.0490417480469,6.781344413757324,72.22587608925382,1995-12-31,1995-08-17,1995,LW
18,1108.942604186691,26.590100301714575,282.4901123046875,5.819321632385254,21.91241591113313,1996-08-09,1996-02-17,1996,HW
19,1268.635118101389,34.25253840098676,294.67303466796875,5.733511924743652,18.75636998210275,1996-09-11,1996-08-09,1996,F
20,914.8587783139595,204.3059599354139,306.0490417480469,5.909254550933838,59.147752891800245,1996-12-29,1996-09-11,1996,LW
21,1401.0223267376648,15.427294598670054,216.90159606933594,5.6749958992004395,16.369008128971767,1997-07-30,1997-02-21,1997,HW
22,1388.131600759376,24.501873181419068,282.4901123046875,5.868872165679932,14.284304570333434,1997-08-24,1997-07-30,1997,F
23,764.2234827628865,195.06927638415112,306.0490417480469,6.918151378631592,64.53914329116262,1998-02-08,1997-08-24,1997,LW
24,1233.2361367312153,47.38494233001558,296.4863586425781,5.868872165679932,34.7639888673364,1998-07-24,1998-04-10,1998,HW
25,1274.3298973713904,55.64664300450023,282.4901123046875,5.972805500030518,28.25455266917498,1998-08-25,1998-07-24,1998,F
26,508.14647619119864,175.51813531702064,303.3594970703125,6.599337100982666,72.26090599173129,1999-01-07,1998-08-25,1998,LW
27,1433.0610356958193,22.2522102056743,217.76548767089844,5.868872165679932,20.29684921793477,1999-08-26,1999-02-13,1999,HW
28,1422.7851922440443,32.38394933699285,282.4901123046875,6.048137187957764,18.926672679485705,1999-09-20,1999-08-26,1999,F
29,866.4711863334554,178.56297855800284,296.4863586425781,8.629003524780273,63.0276727285868,2000-01-13,1999-09-20,1999,LW
30,988.055822576957,73.77907445040162,306.0490417480469,6.6440324783325195,52.140711383937145,2000-02-29,2000-01-13,2000,R
31,1343.5451424328216,20.859878742747316,255.05433654785156,5.296957015991211,15.593235129351399,2000-08-24,2000-02-29,2000,HW
32,983.2276572204636,134.03811756789975,306.0490417480469,8.780908584594727,74.67307385935673,2001-01-05,2000-09-28,2000,LW
33,953.8746699131158,114.03565148061634,306.0490417480469,6.31196928024292,75.57444796915432,2001-02-14,2001-01-05,2001,R
34,1398.9299847497607,20.702566910677508,282.4901123046875,5.342865943908691,20.977717243054673,2001-08-05,2001-02-14,2001,HW
35,1380.9679234466091,23.567422982341924,282.4901123046875,6.248684883117676,12.88539520010177,2001-09-07,2001-08-05,2001,F
36,741.9074228497971,186.85775501936558,296.3789978027344,7.729392051696777,65.01826456545653,2001-12-27,2001-09-07,2001,LW
37,1120.072880326974,90.20584650178962,298.1380615234375,6.858320713043213,62.665660757001035,2002-02-26,2001-12-27,2001,R
38,1389.4015545729806,19.9500789082728,231.26675415039062,5.6749958992004395,11.94524414274765,2002-08-19,2002-02-26,2002,HW
39,1399.701257100673,39.487863916431394,294.67303466796875,6.048137187957764,23.890194223305862,2002-09-18,2002-08-19,2002,F
40,902.4260476378596,174.63073530096503,306.0490417480469,9.325787544250488,70.36650899054764,2002-12-31,2002-09-18,2002,LW
41,942.6308025525293,117.09158785396126,306.0490417480469,7.038229942321777,80.91061253409002,2003-03-14,2002-12-31,2002,R
42,1328.735827622836,33.52744446240044,284.38006591796875,5.6635236740112305,22.346080762074273,2003-08-12,2003-03-14,2003,HW
43,967.3205669412213,155.9479105136505,306.0490417480469,6.15207052230835,79.08968175520774,2004-01-12,2003-09-18,2003,LW
44,1359.8534839363283,26.043217514596908,282.4901123046875,5.556675434112549,15.881660096497658,2004-07-19,2004-03-08,2004,HW
45,1349.208896657897,38.149361248658195,296.3232727050781,5.868872165679932,18.546965544681154,2004-09-10,2004-07-19,2004,F
46,945.6161097062885,180.3783970355155,306.0490417480469,6.049108028411865,62.34021853247317,2005-01-08,2004-09-10,2004,LW
47,1463.2512114532412,30.03354479181896,282.4901123046875,5.597198486328125,21.216908613256813,2005-07-13,2005-02-24,2005,HW
48,1339.4290810268717,29.91977956566521,304.2342529296875,6.251514434814453,13.20842314360963,2005-08-12,2005-07-13,2005,F
49,880.0621884640932,122.26588325366365,302.4209289550781,10.081149101257324,74.20395302345223,2005-12-23,2005-08-12,2005,LW
50,1483.6806478574886,25.78243059387922,282.4901123046875,5.342865943908691,15.606119009268777,2006-08-03,2006-02-02,2006,HW
51,1512.1308020233012,27.032587826708063,282.4901123046875,5.686615943908691,12.295673275876052,2006-08-30,2006-08-03,2006,F
52,797.2881128164399,172.2385566217314,306.0490417480469,6.4653778076171875,68.65325520126189,2006-12-23,2006-08-30,2006,LW
53,1022.0036554499914,86.78807066469534,306.0490417480469,6.427184104919434,54.90675811101502,2007-02-24,2006-12-23,2006,R
54,1442.7946931632348,23.79939434096594,220.10482788085938,5.5537109375,14.744891827258535,2007-08-06,2007-02-24,2007,HW
55,987.2157527165342,122.47270205284667,304.2342529296875,9.711223602294922,66.25185658097479,2007-12-19,2007-09-04,2007,LW
56,1556.2387380505745,21.326017969007786,282.4901123046875,5.401381969451904,14.143237539656107,2008-08-07,2008-01-30,2008,HW
57,1487.3766007731401,32.409594678764485,282.4901123046875,8.889609336853027,11.288521893793982,2008-09-06,2008-08-07,2008,F
58,964.2225538603076,143.99501256357792,306.0490417480469,7.331065654754639,75.17104150480797,2008-12-11,2008-09-06,2008,LW
59,1640.763275072793,22.898178492881225,217.12896728515625,5.733511924743652,10.690970561368811,2009-08-29,2009-01-21,2009,HW
60,1314.7415872942813,29.447354822029773,306.0490417480469,5.342865943908691,17.684535399743464,2009-09-19,2009-08-29,2009,F
61,744.8373620684283,178.72060802344728,306.0490417480469,8.952117919921875,76.74729337952414,2010-01-02,2009-09-19,2009,LW
62,1058.8198522322639,65.5513562077801,296.4863586425781,8.843271255493164,37.30185068005678,2010-03-07,2010-01-02,2010,R
63,1413.281473315554,22.673591488119744,282.4901123046875,5.342865943908691,13.397568979152778,2010-07-24,2010-03-07,2010,HW
64,1248.7264512232298,36.88943894082679,304.2342529296875,6.029915809631348,21.43593873323414,2010-08-20,2010-07-24,2010,F
65,1059.347983601026,70.1714017396789,306.0490417480469,6.060711860656738,41.609634441911496,2011-01-17,2010-08-20,2010,LW
66,1419.757435801191,22.6374996288246,221.46188354492188,5.852083206176758,11.899519370930689,2011-08-07,2011-02-23,2011,HW
67,1304.6442363250246,35.57800013587983,296.4863586425781,7.85740327835083,13.159620817938885,2011-08-31,2011-08-07,2011,F
68,842.3512941322068,154.46765172255783,306.0490417480469,6.15207052230835,77.60975369966538,2011-12-26,2011-08-31,2011,LW
69,1572.312034559745,24.94250530596037,217.16981506347656,5.401381969451904,10.403350176384613,2012-08-11,2012-01-26,2012,HW
70,1410.2272903580165,29.119468594565237,306.0490417480469,5.868872165679932,16.075633193212273,2012-09-05,2012-08-11,2012,F
71,751.8020385038163,171.12154080864397,306.0490417480469,6.558223247528076,70.99558264504763,2013-01-08,2012-09-05,2012,LW
72,1528.3460144470532,19.07132765028019,216.9450225830078,5.405128002166748,11.377352817867184,2013-08-20,2013-02-12,2013,HW
73,1449.8247227728752,31.59531284259582,296.4863586425781,5.844900131225586,15.066249454493281,2013-09-24,2013-08-20,2013,F
74,1136.3695158062553,74.34242564072039,290.9593811035156,7.045444488525391,36.40308449594269,2013-12-05,2013-09-24,2013,LW
75,1045.056862473972,113.18775671346448,306.0490417480469,6.15207052230835,65.93782424953844,2014-02-02,2013-12-05,2013,R
76,1606.6954341454832,21.117288985112673,216.640869140625,5.6749958992004395,10.257898668588895,2014-09-02,2014-02-02,2014,HW
77,1536.0347330066857,25.813365885379916,295.4930419921875,6.149892807006836,10.432552645146913,2014-09-29,2014-09-02,2014,F
78,999.8305197282724,84.56308338294966,306.0490417480469,6.701792240142822,51.06101009152162,2015-02-10,2014-09-29,2014,R
79,1567.277266807501,20.772003845339167,216.86819458007812,5.487191200256348,10.723108060211455,2015-09-02,2015-02-10,2015,HW
80,868.120056094981,150.1756427991817,306.0490417480469,7.134773254394531,80.51538329345914,2016-04-02,2015-09-21,2015,R
81,1393.5580207229468,37.786207656836886,220.82261657714844,5.6749958992004395,16.415758696056923,2016-07-20,2016-04-02,2016,HW
82,1374.5816108040397,52.717433593383944,287.35321044921875,5.6635236740112305,23.40940669364388,2016-09-02,2016-07-20,2016,F
83,804.7233664347837,197.11074547777545,292.41192626953125,9.746291160583496,55.957595477783045,2017-02-01,2016-09-02,2016,R
84,1493.8239355905,20.13996246287643,240.6658935546875,5.733511924743652,11.562009610616531,2017-08-03,2017-02-01,2017,HW
85,1473.665906045449,33.84745939806511,297.3078308105469,6.281865119934082,14.097320417256524,2017-08-27,2017-08-03,2017,F
86,897.3481221702707,131.56857167489918,286.1071472167969,8.09948444366455,71.81950425514478,2018-02-17,2017-08-27,2017,R
87,1428.0981508622874,19.92529711783022,216.91162109375,5.6749958992004395,11.585606096893915,2018-08-15,2018-02-17,2018,HW
88,1414.2465908015565,20.739566395449494,272.3528747558594,5.80126428604126,12.344587304789133,2018-09-16,2018-08-15,2018,F
89,1040.1547369938016,78.05228615657201,296.4863586425781,6.53792142868042,42.17083478372578,2019-01-23,2018-09-16,2018,R
90,1457.4479595641956,18.048570761339878,216.9450225830078,5.342865943908691,11.59486233558866,2019-08-22,2019-01-23,2019,HW
91,1479.013725230136,21.02351911733775,299.82806396484375,5.868872165679932,11.627451982668198,2019-09-18,2019-08-22,2019,F
92,1046.4770500987393,63.27877438586518,296.3232727050781,6.122936725616455,32.1256976656446,2020-02-07,2019-09-18,2019,R
93,1401.4600417342967,20.36299014896681,217.31626892089844,5.6749958992004395,12.136011623039773,2020-08-08,2020-02-07,2020,HW
94,1402.7194859741821,20.326121848013404,290.5838317871094,5.80126428604126,10.751322519419224,2020-09-04,2020-08-08,2020,F
95,1007.7534913354604,75.7004915938565,296.3789978027344,6.527746200561523,43.600463835340854,2021-01-27,2020-09-04,2020,R
96,1546.4964630995091,17.742509150410804,216.640869140625,5.733511924743652,11.73367778537329,2021-08-30,2021-01-27,2021,HW
97,1517.2876887636255,30.42191507162132,290.5838317871094,5.868872165679932,14.81365522088557,2021-09-26,2021-08-30,2021,F
98,1070.7352110473264,96.20796692709212,299.82806396484375,6.15207052230835,51.20399369497224,2022-01-01,2021-09-26,2021,R
99,1566.9120223982156,18.021295399942815,216.640869140625,5.6749958992004395,10.238238489415512,2022-08-24,2022-01-01,2022,HW
100,1468.2730885510668,22.687637412623918,292.39862060546875,5.80126428604126,12.277377131978303,2022-09-16,2022-08-24,2022,F
101,872.6698693551508,103.30073367951279,306.0490417480469,6.048137187957764,65.42063436346922,2023-02-15,2022-09-16,2022,R
102,1400.95703799709,21.086417853988873,217.03639221191406,5.6749958992004395,10.83532629038401,2023-08-01,2023-02-15,2023,HW
103,1428.3507968418046,26.464622406047614,298.3011474609375,5.80126428604126,12.778906557067529,2023-08-25,2023-08-01,2023,F
104,818.7255432362948,101.95088054744635,296.3789978027344,6.048137187957764,70.37852440735033,2024-03-25,2023-08-25,2023,R
105,1082.8386317574361,45.59320312803506,304.2342529296875,5.972805500030518,22.11904299154938,2024-04-06,2024-03-25,2024,HW
106,1185.0615553026312,38.18854152255664,282.4901123046875,5.510151386260986,23.11024532216481,2024-05-30,2024-04-06,2024,F
107,1184.2017484485607,46.78427300330616,257.67156982421875,5.6749958992004395,33.44011028036248,2025-01-01,2024-05-30,2024,LW
