,water_period,media_vazao,Data,type,day,month,year,longitude,latitude,time_start
0,R,132135.74928571426,1990-01-18 01:12:00.000000000,LW_to_R,18,1,1990,-55.5131,-1.9192,1990-01-18
1,HW,178324.6838930596,1990-02-23 01:06:12.413793152,R_to_HW,23,2,1990,-55.5131,-1.9192,1990-02-23
2,F,165665.86725531917,1990-08-06 23:15:16.770186368,HW_to_F,6,8,1990,-55.5131,-1.9192,1990-08-06
3,LW,109090.80271397848,1990-09-09 06:25:30.708661376,F_to_LW,9,9,1990,-55.5131,-1.9192,1990-09-09
4,R,159619.0427026468,1990-12-22 21:55:51.724137856,LW_to_R,22,12,1990,-55.5131,-1.9192,1990-12-22
5,HW,200161.23493580017,1991-03-01 17:06:12.413793152,R_to_HW,1,3,1991,-55.5131,-1.9192,1991-03-01
6,F,168770.3892857143,1991-08-10 12:34:41.927710848,HW_to_F,10,8,1991,-55.5131,-1.9192,1991-08-10
7,LW,109919.31528837641,1991-09-10 14:56:36.226415104,F_to_LW,10,9,1991,-55.5131,-1.9192,1991-09-10
8,R,141689.67809715823,1992-02-19 20:24:00.000000000,LW_to_R,19,2,1992,-55.5131,-1.9192,1992-02-19
9,HW,187973.93025641018,1992-04-01 22:30:00.000000000,R_to_HW,1,4,1992,-55.5131,-1.9192,1992-04-01
10,F,167971.94508333335,1992-05-22 08:32:00.000000000,HW_to_F,22,5,1992,-55.5131,-1.9192,1992-05-22
11,LW,127037.20871223118,1992-07-28 14:05:30.275229312,F_to_LW,28,7,1992,-55.5131,-1.9192,1992-07-28
12,R,156509.26001190476,1992-12-24 08:14:27.469879424,LW_to_R,24,12,1992,-55.5131,-1.9192,1992-12-24
13,HW,189790.54376224056,1993-02-14 08:35:13.761467904,R_to_HW,14,2,1993,-55.5131,-1.9192,1993-02-14
14,F,162023.60844444443,1993-08-05 18:48:53.333333248,HW_to_F,5,8,1993,-55.5131,-1.9192,1993-08-05
15,LW,116578.9407626728,1993-09-12 04:24:08.520710144,F_to_LW,12,9,1993,-55.5131,-1.9192,1993-09-12
16,R,142678.18405555555,1993-11-29 11:44:27.625899392,LW_to_R,29,11,1993,-55.5131,-1.9192,1993-11-29
17,HW,206425.27627007983,1994-01-15 11:44:20.869565184,R_to_HW,15,1,1994,-55.5131,-1.9192,1994-01-15
18,F,183063.79280555557,1994-08-25 12:00:00.000000000,HW_to_F,25,8,1994,-55.5131,-1.9192,1994-08-25
19,LW,114383.06567380953,1994-10-01 00:00:00.000000000,F_to_LW,1,10,1994,-55.5131,-1.9192,1994-10-01
20,R,147186.2496784562,1994-12-26 02:00:54.961832064,LW_to_R,26,12,1994,-55.5131,-1.9192,1994-12-26
21,HW,187641.79376545697,1995-03-26 10:14:49.887640448,R_to_HW,26,3,1995,-55.5131,-1.9192,1995-03-26
22,F,178445.254,1995-07-20 10:34:34.576271232,HW_to_F,20,7,1995,-55.5131,-1.9192,1995-07-20
23,LW,104159.9485097542,1995-08-17 10:46:31.836734720,F_to_LW,17,8,1995,-55.5131,-1.9192,1995-08-17
24,R,154496.4856773399,1995-12-31 18:36:31.304347776,LW_to_R,31,12,1995,-55.5131,-1.9192,1995-12-31
25,HW,192157.3945125448,1996-02-17 19:14:17.142857216,R_to_HW,17,2,1996,-55.5131,-1.9192,1996-02-17
26,F,166063.56238095235,1996-08-09 14:54:40.473372800,HW_to_F,9,8,1996,-55.5131,-1.9192,1996-08-09
27,LW,116646.54309039589,1996-09-11 22:25:47.663551360,F_to_LW,11,9,1996,-55.5131,-1.9192,1996-09-11
28,R,152792.56766071427,1996-12-29 02:47:26.511627904,LW_to_R,29,12,1996,-55.5131,-1.9192,1996-12-29
29,HW,201770.26519892475,1997-02-21 10:51:07.826086912,R_to_HW,21,2,1997,-55.5131,-1.9192,1997-02-21
30,F,196750.02625,1997-07-30 19:36:10.992366464,HW_to_F,30,7,1997,-55.5131,-1.9192,1997-07-30
31,LW,114920.31461430108,1997-08-24 06:00:00.000000000,F_to_LW,24,8,1997,-55.5131,-1.9192,1997-08-24
32,R,151046.11952346042,1998-02-08 14:40:46.601941760,LW_to_R,8,2,1998,-55.5131,-1.9192,1998-02-08
33,HW,195144.49283179722,1998-04-10 21:04:23.414634112,R_to_HW,10,4,1998,-55.5131,-1.9192,1998-04-10
34,F,177254.5376923077,1998-07-24 12:07:54.725274752,HW_to_F,24,7,1998,-55.5131,-1.9192,1998-07-24
35,LW,123682.43860833332,1998-08-25 15:12:51.428571392,F_to_LW,25,8,1998,-55.5131,-1.9192,1998-08-25
36,R,147122.04166666666,1999-01-07 04:48:00.000000000,LW_to_R,7,1,1999,-55.5131,-1.9192,1999-01-07
37,HW,203274.96407891536,1999-02-13 10:40:00.000000000,R_to_HW,13,2,1999,-55.5131,-1.9192,1999-02-13
38,F,185912.33687499998,1999-08-26 11:08:34.285714304,HW_to_F,26,8,1999,-55.5131,-1.9192,1999-08-26
39,LW,125298.33978780746,1999-09-20 23:05:14.828897280,F_to_LW,20,9,1999,-55.5131,-1.9192,1999-09-20
40,R,149214.789,2000-01-13 10:43:38.181818240,LW_to_R,13,1,2000,-55.5131,-1.9192,2000-01-13
41,HW,183025.31028530464,2000-02-29 18:17:42.295081984,R_to_HW,29,2,2000,-55.5131,-1.9192,2000-02-29
42,F,169613.685,2000-08-24 20:45:42.857142784,HW_to_F,24,8,2000,-55.5131,-1.9192,2000-08-24
43,LW,136244.9202111729,2000-09-28 10:23:44.598930432,F_to_LW,28,9,2000,-55.5131,-1.9192,2000-09-28
44,R,149854.9129534884,2001-01-05 16:27:54.418604672,LW_to_R,5,1,2001,-55.5131,-1.9192,2001-01-05
45,HW,190720.28625301324,2001-02-14 03:32:52.173913088,R_to_HW,14,2,2001,-55.5131,-1.9192,2001-02-14
46,F,162837.60815999997,2001-08-05 00:08:05.393258496,HW_to_F,5,8,2001,-55.5131,-1.9192,2001-08-05
47,LW,103080.74733037633,2001-09-07 08:06:45.633802752,F_to_LW,7,9,2001,-55.5131,-1.9192,2001-09-07
48,R,148226.72101190477,2001-12-27 03:51:48.292683008,LW_to_R,27,12,2001,-55.5131,-1.9192,2001-12-27
49,HW,180563.7349375079,2002-02-26 08:00:00.000000000,R_to_HW,26,2,2002,-55.5131,-1.9192,2002-02-26
50,F,175660.20759999997,2002-08-19 03:22:40.000000000,HW_to_F,19,8,2002,-55.5131,-1.9192,2002-08-19
51,LW,116004.58807750206,2002-09-18 22:12:26.887966848,F_to_LW,18,9,2002,-55.5131,-1.9192,2002-09-18
52,R,150666.27463608026,2002-12-31 02:07:03.529411712,LW_to_R,31,12,2002,-55.5131,-1.9192,2002-12-31
53,HW,193666.54681003583,2003-03-14 15:37:58.899082624,R_to_HW,14,3,2003,-55.5131,-1.9192,2003-03-14
54,F,168239.77187499995,2003-08-12 19:25:42.857142784,HW_to_F,12,8,2003,-55.5131,-1.9192,2003-08-12
55,LW,126322.32968953854,2003-09-18 02:28:02.242990592,F_to_LW,18,9,2003,-55.5131,-1.9192,2003-09-18
56,R,154595.29489080462,2004-01-12 02:48:49.655172352,LW_to_R,12,1,2004,-55.5131,-1.9192,2004-01-12
57,HW,195550.16219969274,2004-03-08 10:15:00.000000000,R_to_HW,8,3,2004,-55.5131,-1.9192,2004-03-08
58,F,171769.7223147605,2004-07-19 10:22:42.162162048,HW_to_F,19,7,2004,-55.5131,-1.9192,2004-07-19
59,LW,124781.3575430352,2004-09-10 04:00:00.000000000,F_to_LW,10,9,2004,-55.5131,-1.9192,2004-09-10
60,R,138929.42266666668,2005-01-08 02:18:47.710843392,LW_to_R,8,1,2005,-55.5131,-1.9192,2005-01-08
61,HW,180999.04104059143,2005-02-24 12:08:53.333333376,R_to_HW,24,2,2005,-55.5131,-1.9192,2005-02-24
62,F,171839.26405405405,2005-07-13 09:36:00.000000000,HW_to_F,13,7,2005,-55.5131,-1.9192,2005-07-13
63,LW,106080.17694964157,2005-08-12 17:26:17.528089856,F_to_LW,12,8,2005,-55.5131,-1.9192,2005-08-12
64,R,160096.87898069495,2005-12-23 22:38:38.644067840,LW_to_R,23,12,2005,-55.5131,-1.9192,2005-12-23
65,HW,201415.74048783246,2006-02-02 13:37:55.200000000,R_to_HW,2,2,2006,-55.5131,-1.9192,2006-02-02
66,F,183308.0648275862,2006-08-03 00:56:50.526315776,HW_to_F,3,8,2006,-55.5131,-1.9192,2006-08-03
67,LW,136644.78661182796,2006-08-30 05:34:44.210526208,F_to_LW,30,8,2006,-55.5131,-1.9192,2006-08-30
68,R,154536.10685476192,2006-12-23 04:12:15.766423296,LW_to_R,23,12,2006,-55.5131,-1.9192,2006-12-23
69,HW,184493.99160463712,2007-02-24 15:00:00.000000000,R_to_HW,24,2,2007,-55.5131,-1.9192,2007-02-24
70,F,164391.1825192308,2007-08-06 12:43:56.619718144,HW_to_F,6,8,2007,-55.5131,-1.9192,2007-08-06
71,LW,110485.55867642681,2007-09-04 10:56:57.511520768,F_to_LW,4,9,2007,-55.5131,-1.9192,2007-09-04
72,R,129790.93746153844,2007-12-19 16:18:27.692307712,LW_to_R,19,12,2007,-55.5131,-1.9192,2007-12-19
73,HW,186521.60465002473,2008-01-30 07:13:58.356164352,R_to_HW,30,1,2008,-55.5131,-1.9192,2008-01-30
74,F,164827.16869387752,2008-08-07 16:57:41.538461440,HW_to_F,7,8,2008,-55.5131,-1.9192,2008-08-07
75,LW,119278.7440951613,2008-09-06 19:28:35.183246080,F_to_LW,6,9,2008,-55.5131,-1.9192,2008-09-06
76,R,142250.53756666664,2008-12-11 20:52:59.220779264,LW_to_R,11,12,2008,-55.5131,-1.9192,2008-12-11
77,HW,219826.38221447775,2009-01-21 22:42:09.729729792,R_to_HW,21,1,2009,-55.5131,-1.9192,2009-01-21
78,F,202542.5635714286,2009-08-29 16:05:32.947976960,HW_to_F,29,8,2009,-55.5131,-1.9192,2009-08-29
79,LW,128126.49152834601,2009-09-19 22:51:53.513513728,F_to_LW,19,9,2009,-55.5131,-1.9192,2009-09-19
80,R,159893.37073045823,2010-01-02 12:53:33.223140352,LW_to_R,2,1,2010,-55.5131,-1.9192,2010-01-02
81,HW,205831.04747849464,2010-03-07 11:53:08.571428352,R_to_HW,7,3,2010,-55.5131,-1.9192,2010-03-07
82,F,182633.59722222225,2010-07-24 08:57:08.571428608,HW_to_F,24,7,2010,-55.5131,-1.9192,2010-07-24
83,LW,114141.14297255377,2010-08-20 02:53:25.839416064,F_to_LW,20,8,2010,-55.5131,-1.9192,2010-08-20
84,R,136688.0720909091,2011-01-17 15:57:13.526011648,LW_to_R,17,1,2011,-55.5131,-1.9192,2011-01-17
85,HW,185957.1281573925,2011-02-23 13:12:28.993288448,R_to_HW,23,2,2011,-55.5131,-1.9192,2011-02-23
86,F,190126.71041666667,2011-08-07 03:02:08.063241216,HW_to_F,7,8,2011,-55.5131,-1.9192,2011-08-07
87,LW,143118.0334922939,2011-08-31 15:10:40.316205568,F_to_LW,31,8,2011,-55.5131,-1.9192,2011-08-31
88,R,141304.2671,2011-12-26 14:05:42.857142784,LW_to_R,26,12,2011,-55.5131,-1.9192,2011-12-26
89,HW,193509.33898146707,2012-01-26 21:14:24.000000000,R_to_HW,26,1,2012,-55.5131,-1.9192,2012-01-26
90,F,170410.18369565214,2012-08-11 01:48:00.000000000,HW_to_F,11,8,2012,-55.5131,-1.9192,2012-08-11
91,LW,110683.14230716479,2012-09-05 08:49:39.310344704,F_to_LW,5,9,2012,-55.5131,-1.9192,2012-09-05
92,R,146860.17380952384,2013-01-08 21:00:58.378378496,LW_to_R,8,1,2013,-55.5131,-1.9192,2013-01-08
93,HW,203547.3328612903,2013-02-12 01:22:32.866242048,R_to_HW,12,2,2013,-55.5131,-1.9192,2013-02-12
94,F,171605.00722222222,2013-08-20 19:00:55.384615424,HW_to_F,20,8,2013,-55.5131,-1.9192,2013-08-20
95,LW,142375.47641754642,2013-09-24 21:45:00.000000000,F_to_LW,24,9,2013,-55.5131,-1.9192,2013-09-24
96,R,162794.57918701298,2013-12-05 14:13:20.000000000,LW_to_R,5,12,2013,-55.5131,-1.9192,2013-12-05
97,HW,205181.13442284643,2014-02-02 01:27:16.363636480,R_to_HW,2,2,2014,-55.5131,-1.9192,2014-02-02
98,F,181229.005483871,2014-09-02 08:00:00.000000000,HW_to_F,2,9,2014,-55.5131,-1.9192,2014-09-02
99,R,148533.56804979796,2014-09-29 00:00:00.000000000,LW_to_R,29,9,2014,-55.5131,-1.9192,2014-09-29
100,HW,198010.68972222222,2015-02-10 08:00:00.000000000,R_to_HW,10,2,2015,-55.5131,-1.9192,2015-02-10
101,F,180306.45410256414,2015-09-02 11:46:35.031055872,HW_to_F,2,9,2015,-55.5131,-1.9192,2015-09-02
102,R,119580.2090948276,2015-09-21 02:58:52.919254528,LW_to_R,21,9,2015,-55.5131,-1.9192,2015-09-21
103,HW,193923.1057701613,2016-04-02 08:14:19.701492480,R_to_HW,2,4,2016,-55.5131,-1.9192,2016-04-02
104,F,174051.1739153226,2016-07-20 23:41:03.157894656,HW_to_F,20,7,2016,-55.5131,-1.9192,2016-07-20
105,R,122697.83812982638,2016-09-02 10:36:55.384615168,LW_to_R,2,9,2016,-55.5131,-1.9192,2016-09-02
106,HW,201998.4205119392,2017-02-01 20:31:08.702290176,R_to_HW,1,2,2017,-55.5131,-1.9192,2017-02-01
107,F,184040.40156250005,2017-08-03 19:22:52.075471872,HW_to_F,3,8,2017,-55.5131,-1.9192,2017-08-03
108,R,136730.59430094727,2017-08-27 04:53:26.037735936,LW_to_R,27,8,2017,-55.5131,-1.9192,2017-08-27
109,HW,190479.61224086024,2018-02-17 19:12:00.000000000,R_to_HW,17,2,2018,-55.5131,-1.9192,2018-02-17
110,F,171801.6035483871,2018-08-15 00:42:02.627737344,HW_to_F,15,8,2018,-55.5131,-1.9192,2018-08-15
111,R,137301.26443548387,2018-09-16 07:20:48.979591680,LW_to_R,16,9,2018,-55.5131,-1.9192,2018-09-16
112,HW,203283.95672727854,2019-01-23 22:50:46.153846272,R_to_HW,23,1,2019,-55.5131,-1.9192,2019-01-23
113,F,179846.42681818182,2019-08-22 14:24:00.000000000,HW_to_F,22,8,2019,-55.5131,-1.9192,2019-08-22
114,R,149345.82601815456,2019-09-18 03:02:41.194029824,LW_to_R,18,9,2019,-55.5131,-1.9192,2019-09-18
115,HW,198614.23958110274,2020-02-07 14:10:54.545454592,R_to_HW,7,2,2020,-55.5131,-1.9192,2020-02-07
116,F,166808.01380000002,2020-08-08 07:40:00.000000000,HW_to_F,8,8,2020,-55.5131,-1.9192,2020-08-08
117,R,111817.2366218638,2020-09-04 21:40:49.070631936,LW_to_R,4,9,2020,-55.5131,-1.9192,2020-09-04
118,HW,214749.52171511773,2021-01-27 13:04:40.239520768,R_to_HW,27,1,2021,-55.5131,-1.9192,2021-01-27
119,F,197150.93499999997,2021-08-30 14:24:00.000000000,HW_to_F,30,8,2021,-55.5131,-1.9192,2021-08-30
120,R,179420.35228571427,2021-09-26 14:52:02.123893760,LW_to_R,26,9,2021,-55.5131,-1.9192,2021-09-26
121,HW,228570.40154197457,2022-01-01 00:00:00.000000000,R_to_HW,1,1,2022,-55.5131,-1.9192,2022-01-01
122,F,190831.03727272723,2022-08-24 16:23:51.055900672,HW_to_F,24,8,2022,-55.5131,-1.9192,2022-08-24
123,R,127765.86735551074,2022-09-16 15:02:53.633440512,LW_to_R,16,9,2022,-55.5131,-1.9192,2022-09-16
124,HW,189753.36151084624,2023-02-15 08:43:38.181818112,R_to_HW,15,2,2023,-55.5131,-1.9192,2023-02-15
125,F,180788.90305555554,2023-08-01 20:06:29.189189120,HW_to_F,1,8,2023,-55.5131,-1.9192,2023-08-01
126,R,118005.62014813063,2023-08-25 18:37:31.737451520,LW_to_R,25,8,2023,-55.5131,-1.9192,2023-08-25
127,HW,169781.06838709678,2024-03-25 23:32:02.330097152,R_to_HW,25,3,2024,-55.5131,-1.9192,2024-03-25
128,F,203966.25307692305,2024-04-06 10:42:51.428571648,HW_to_F,6,4,2024,-55.5131,-1.9192,2024-04-06
129,R,129132.97864749105,2024-05-30 21:51:25.714285824,F_to_L,30,5,2024,-55.5131,-1.9192,2024-05-30
