time_finish,TSS_max,TSS_min,TSS_stdDev,time_start,water_period,year,mean_discharge,precipitation,u_wind,v_wind,watershed,anthropogenic_km2,natural_km2,TSS_max_fill,TSS_mean,TSS_min_fill,TSS_stdDev_fill,area_km2
1985-04-09 00:00:00,231.3883514404297,8.646607398986816,27.405530067776343,1984-12-24 00:00:00,R,1985,166387.87567289718,1082.9390163052624,-1.8039576920909812,-0.4692499481064776,Local Watershed,48.89779975640928,1838.0006815653287,231.3883514404297,48.81200034423448,8.646607398986816,27.405530067776343,1043.4040130082576
1985-07-09 00:00:00,230.7235412597656,7.906408309936523,18.243428217787777,1985-04-09 00:00:00,HW,1985,191041.16147668607,578.6345864837322,-2.042476098972741,-0.0871503936438335,Local Watershed,48.89779975640928,1838.0006815653287,230.7235412597656,26.369014805470904,7.906408309936523,18.243428217787777,1091.495113033965
1985-07-09 06:00:00,,,,1985-04-09 00:00:00,HW,1985,191042.1401086957,576.5715981412649,-2.041936541398722,-0.08747244077290434,Local Watershed,48.89779975640928,1838.0006815653287,230.73046623242672,26.364539826881284,7.904222068786931,18.232061383421755,1090.7581392774496
1985-09-23 00:00:00,233.25125122070312,8.202881813049316,24.029145391972637,1985-07-09 00:00:00,F,1985,169404.9714536222,125.4308027954217,-1.7111385343116703,-0.1832498161210826,Local Watershed,48.89779975640928,1838.0006815653287,233.25125122070312,36.788005395866485,8.202881813049316,24.029145391972637,885.7687563203566
1985-09-23 18:00:00,,,,1985-07-09 06:00:00,F,1985,168948.84144736844,124.27719778680684,-1.706810676143468,-0.18258669922841647,Local Watershed,48.89779975640928,1838.0006815653287,233.27224087807008,36.996452684214475,8.219994206186296,24.20500159104948,885.0099416064758
1985-12-16 00:00:00,234.16390991210935,10.828718185424805,48.52975603549047,1985-09-23 00:00:00,LW,1985,119094.38437190208,411.5075007853583,-1.3640438345433308,-0.0941739116742522,Local Watershed,48.89779975640928,1838.0006815653287,234.16390991210935,59.01813118102388,10.828718185424805,48.52975603549047,981.618495408303
1985-12-16 06:00:00,,,,1985-09-23 18:00:00,LW,1985,119047.93019047617,413.0852650526427,-1.3639972069848592,-0.09496655692462108,Local Watershed,48.89779975640928,1838.0006815653287,234.16235354818357,59.043842991869816,10.834035512274049,48.57923423916286,982.1406797620424
1986-03-16 00:00:00,,,,1985-12-16 00:00:00,R,1986,155968.45291912116,912.2810887688516,-1.7676569860201516,-0.5907965822965379,Local Watershed,49.87707703699259,1865.9027929113597,232.51608166252845,46.219963657772674,10.613840095918516,47.73297043582675,1134.625025481628
1986-03-16 18:00:00,,,,1985-12-16 06:00:00,R,1986,156512.75049999997,914.6706985785523,-1.7730599386305836,-0.5914906324588398,Local Watershed,49.87707703699259,1865.9027929113597,232.49764973890046,45.9927436803217,10.599273492615868,47.61146782252534,1135.5423092059389
1986-06-08 00:00:00,,,,1986-03-16 00:00:00,HW,1986,209434.1980752447,781.8251134822032,-2.2773112492764374,-0.1804182685107027,Local Watershed,49.87707703699259,1865.9027929113597,230.85058323530987,21.27633676111729,8.689902827314427,30.60801772333319,1188.152254395688
1986-06-08 06:00:00,,,,1986-03-16 18:00:00,HW,1986,209541.61785714288,779.9662372603547,-2.2780872271312185,-0.17889980066180766,Local Watershed,49.87707703699259,1865.9027929113597,230.84810229332655,21.222255734790537,8.684770440008228,30.558433321284323,1188.1453536083234
1986-08-23 00:00:00,231.4406280517578,8.064193725585938,22.183980188807816,1986-06-08 00:00:00,F,1986,212255.26908587245,102.24748103229544,-2.1719074931816253,0.1597006353275995,Local Watershed,49.87707703699259,1865.9027929113597,231.4406280517578,20.104852677257384,8.064193725585938,22.183980188807816,1131.200198435967
1986-08-23 18:00:00,,,,1986-06-08 06:00:00,F,1986,211907.34,98.02681780990027,-2.1673092148395883,0.16303469081554736,Local Watershed,49.87707703699259,1865.9027929113597,231.46308147428297,20.292608727671873,8.07105388961961,22.197312827283618,1130.0447081715956
1986-11-23 00:00:00,235.26026916503903,9.72849941253662,37.27832269527414,1986-08-23 00:00:00,LW,1986,146186.29601086956,169.50533214867326,-1.565426432221988,0.3899023552021343,Local Watershed,49.87707703699259,1865.9027929113597,235.26026916503903,62.35286149300119,9.72849941253662,37.27832269527414,1005.1201743133836
1986-11-23 00:00:00,,,,1986-08-23 18:00:00,LW,1986,146186.29601086956,169.50533214867323,-1.565426432221988,0.38990235520213423,Local Watershed,49.87707703699259,1865.9027929113597,235.26026916503903,62.35286149300119,9.72849941253662,37.27832269527414,1005.1201743133838
1987-03-09 00:00:00,234.9059600830078,8.897278785705566,51.69661408875029,1986-11-23 00:00:00,R,1987,158009.5498130841,626.0838002442297,-2.106703772913284,-0.2846130491228384,Local Watershed,91.98152777923391,1809.6351550263332,234.9059600830078,83.8672426419026,8.897278785705566,51.69661408875029,1123.628482739126
1987-06-16 00:00:00,225.5315704345703,7.940857887268066,17.1588946001983,1987-03-09 00:00:00,HW,1987,206814.66490000003,887.4989492460719,-2.314731552676493,0.0548915344761877,Local Watershed,91.98152777923391,1809.6351550263332,225.5315704345703,29.08171126097072,7.940857887268066,17.1588946001983,1099.7573845232237
1987-09-16 00:00:00,216.6991271972656,8.064339637756348,11.955821896852695,1987-06-16 00:00:00,F,1987,177037.43752688172,190.9102493385106,-1.6482889272448678,0.085193692616648,Local Watershed,91.98152777923391,1809.6351550263332,216.6991271972656,24.73253608296235,8.064339637756348,11.955821896852695,1117.0366889115155
1987-12-24 00:00:00,235.0611724853516,10.753714561462402,33.56270705957812,1987-09-16 00:00:00,LW,1987,100975.95976533792,146.97776815408722,-1.5640591757968985,0.46087120734791,Local Watershed,91.98152777923391,1809.6351550263332,235.0611724853516,213.2241006202755,10.753714561462402,33.56270705957812,771.1163744453232
1987-12-24 06:00:00,,,,1987-09-16 00:00:00,LW,1987,100928.88269,148.23140731282155,-1.5648260854791167,0.46021142436349777,Local Watershed,91.98152777923391,1809.6351550263332,235.09310967885628,213.31522592628176,10.7543217720142,33.58890155166359,771.1312421985854
1988-04-08 00:00:00,233.43524169921875,8.056079864501953,28.00777125213219,1987-12-24 00:00:00,R,1988,159735.46351820327,944.8562431763024,-1.8644513400143703,-0.2691946638508843,Local Watershed,93.98419634021784,1759.578979844577,233.43524169921875,50.6198488780627,8.056079864501953,28.00777125213219,1165.7344021144722
1988-04-08 18:00:00,,,,1987-12-24 06:00:00,R,1988,160368.2942264151,950.3878601626515,-1.8639635112398238,-0.26978728120527595,Local Watershed,93.98419634021784,1759.578979844577,233.39531295092092,49.44339735640597,8.038592659311258,27.955005883290884,1167.5612248748528
1988-07-01 00:00:00,,,,1988-04-08 00:00:00,HW,1988,208696.59472787756,1019.9699643421496,-1.5961818850300664,-0.053111122862223,Local Watershed,93.98419634021784,1759.578979844577,232.38245884844082,10.845378705551166,7.651798647416227,28.735615826954167,1090.7238049416317
1988-07-01 12:00:00,,,,1988-04-08 18:00:00,HW,1988,208791.5477380952,1014.9757420035145,-1.5946374102150749,-0.05483157501790394,Local Watershed,93.98419634021784,1759.578979844577,232.39090224854107,10.999664399157464,7.655524782614831,28.772301916383874,1089.3490212427894
1988-08-31 00:00:00,233.7978973388672,8.149343490600586,34.865512016620094,1988-07-01 00:00:00,F,1988,194093.33563275923,178.36105474161403,-1.5008538290789728,-0.4421030107651749,Local Watershed,93.98419634021784,1759.578979844577,233.7978973388672,38.91258997157194,8.149343490600586,34.865512016620094,957.0126195650644
1988-08-31 12:00:00,,,,1988-07-01 12:00:00,F,1988,193727.0972131148,173.0841012589252,-1.5006130073356732,-0.44270093262136706,Local Watershed,93.98419634021784,1759.578979844577,233.80955709497698,39.132358229109585,8.152052732798364,34.92543301796985,956.6034177225982
1988-11-30 00:00:00,235.2598876953125,8.307052612304688,49.2667687429999,1988-08-31 00:00:00,LW,1988,109137.7505224229,247.5021237140677,-1.4742016061881904,0.1621211171727168,Local Watershed,93.98419634021784,1759.578979844577,235.2598876953125,68.53275155911459,8.307052612304688,49.2667687429999,995.0773007545752
1988-11-30 18:00:00,,,,1988-08-31 12:00:00,LW,1988,108754.31423076922,253.76008777556638,-1.4735828558498765,0.1641813352143351,Local Watershed,93.98419634021784,1759.578979844577,235.26777188314335,68.81993660147765,8.309633426678596,49.431290086404054,994.8434731508371
1989-04-01 00:00:00,235.20639038085935,8.65372371673584,66.66660206615157,1988-11-30 00:00:00,R,1989,161880.58867265884,1260.5653135398925,-1.402349650446596,-0.5845063128391399,Local Watershed,69.07133034756455,1691.7605305189825,235.20639038085935,99.10875760553472,8.65372371673584,66.66660206615157,870.9216910792363
1989-04-01 06:00:00,,,,1988-11-30 18:00:00,R,1989,162111.2844508197,1261.387738060273,-1.4027322567733447,-0.5853392128459807,Local Watershed,69.07133034756455,1691.7605305189825,235.20203213671502,99.02968757007626,8.65179439038377,66.63638804488318,871.2010226997589
1989-07-24 00:00:00,,,,1989-04-01 00:00:00,HW,1989,235136.65507842848,873.8377389763502,-1.7778478194682636,-0.098764576783656,Local Watershed,69.07133034756455,1691.7605305189825,231.99916366406953,11.686828815264032,6.855749153312733,26.5021786487129,1288.499061101398
1989-07-24 12:00:00,,,,1989-04-01 06:00:00,HW,1989,235162.85973684213,870.0975639976816,-1.779394407613668,-0.09580104722932348,Local Watershed,69.07133034756455,1691.7605305189825,231.9850780969183,11.318772797891862,6.849371897219576,26.303750802569244,1290.5572456348457
1989-11-08 00:00:00,231.0474853515625,7.932968616485596,15.886247268259568,1989-07-24 00:00:00,F,1989,175307.17737645825,232.73910516574963,-1.849164868295042,0.1026030251698532,Local Watershed,69.07133034756455,1691.7605305189825,231.0474853515625,29.21715756621701,7.932968616485596,15.886247268259568,1368.0606732417646
1989-11-08 12:00:00,,,,1989-07-24 12:00:00,F,1989,174834.0194579439,231.9280824410195,-1.8480653140512815,0.10146612665786152,Local Watershed,69.07133034756455,1691.7605305189825,231.05748585522545,29.966162310530173,7.954410552700594,16.069702294612522,1365.803131845094
1990-01-31 00:00:00,234.1838531494141,10.83965301513672,57.72567202011557,1989-11-08 00:00:00,LW,1990,125269.83864285715,424.26371537884353,-1.7216822121557107,-0.2824903207731126,Local Watershed,69.8748712639179,1691.5570553149555,234.1838531494141,153.8277524880621,10.83965301513672,57.72567202011557,1011.4004320410482
1990-01-31 00:00:00,,,,1989-11-08 12:00:00,LW,1990,125269.83864285715,424.26371537884353,-1.7216822121557107,-0.28249032077311254,Local Watershed,69.8748712639179,1691.5570553149555,234.1838531494141,153.82775248806212,10.83965301513672,57.72567202011557,1011.4004320410482
1990-04-01 00:00:00,234.993408203125,8.22611141204834,54.03505219957476,1990-01-31 00:00:00,R,1990,170633.40237704918,637.7993680099855,-2.0153600104913605,-0.4938582024695412,Local Watershed,69.8748712639179,1691.5570553149555,234.993408203125,93.5815120849053,8.22611141204834,54.03505219957476,1337.4237727078732
1990-06-16 00:00:00,228.72576904296875,7.931285858154297,22.99793325154,1990-04-01 00:00:00,HW,1990,211205.8155844156,508.0735303359165,-2.1788762690783043,-0.0070966105479469,Local Watershed,69.8748712639179,1691.5570553149555,228.72576904296875,37.58815552403892,7.931285858154297,22.99793325154,1334.5062657957635
1990-09-16 00:00:00,228.5950164794922,7.940857887268066,16.523187432068035,1990-06-16 00:00:00,F,1990,193947.48268817205,234.2211763329515,-2.147337004899672,0.239854726388293,Local Watershed,69.8748712639179,1691.5570553149555,228.5950164794922,22.21190690900676,7.940857887268066,16.523187432068035,1250.4614619488846
1990-12-24 00:00:00,235.23265075683597,8.863408088684082,63.89988212376158,1990-09-16 00:00:00,LW,1990,105842.16502,251.83872588290043,-2.2685220308440366,0.3043020534954668,Local Watershed,69.8748712639179,1691.5570553149555,235.23265075683597,142.9060334159425,8.863408088684082,63.89988212376158,965.4021193929306
1991-04-09 00:00:00,230.45054626464844,8.197819709777832,20.526760039632823,1990-12-24 00:00:00,R,1991,166458.51476635513,1089.1775796142272,-2.2006061911409738,-0.4761304100562438,Local Watershed,81.8951592810555,1700.1484038461754,230.45054626464844,45.13037117938286,8.197819709777832,20.526760039632823,1164.274376579738
1991-07-09 00:00:00,,,,1991-04-09 00:00:00,HW,1991,214487.8482063159,804.2039752722898,-2.2944947840906265,-0.0976657182223387,Local Watershed,81.8951592810555,1700.1484038461754,230.1963650547437,83.19732275631274,7.928714434760061,24.409947252742718,452.21820155957687
1991-07-09 06:00:00,,,,1991-04-09 00:00:00,HW,1991,214522.3638043478,801.961941625309,-2.2955158067178334,-0.09685709308520937,Local Watershed,81.8951592810555,1700.1484038461754,230.20263161629373,83.47676514061733,7.929839846910482,24.47435873491685,450.03204152772645
1991-09-23 00:00:00,232.37664794921875,8.927762985229492,39.03634045178261,1991-07-09 00:00:00,F,1991,188527.85546556683,111.91914224606596,-2.6268393759465187,-0.0294097108386043,Local Watershed,81.8951592810555,1700.1484038461754,232.37664794921875,169.1398788761993,8.927762985229492,39.03634045178261,209.0019331996415
1991-09-23 18:00:00,,,,1991-07-09 06:00:00,F,1991,187830.47236842103,107.69678828408253,-2.627886685393951,-0.027582087845729086,Local Watershed,81.8951592810555,1700.1484038461754,232.39412742288692,169.80037050800124,8.945043129443029,39.04634505030653,213.01004908893955
1991-12-16 00:00:00,233.8366241455078,10.924068450927734,30.63407684029372,1991-09-23 00:00:00,LW,1991,96956.10299163057,77.92163198583732,-2.38745113839,0.2629269832832651,Local Watershed,81.8951592810555,1700.1484038461754,233.8366241455078,213.59236229586023,10.924068450927734,30.63407684029372,938.5822128456324
1991-12-16 12:00:00,,,,1991-09-23 18:00:00,LW,1991,96633.69046428573,79.16018573692412,-2.3851107456688228,0.26279206367384433,Local Watershed,81.8951592810555,1700.1484038461754,233.84710820789533,213.77939412972097,10.930691202093541,30.627630766875267,940.0814670056834
1992-03-16 00:00:00,235.1419677734375,10.519024848937988,39.48268606535243,1991-12-16 00:00:00,R,1992,115959.46845015103,361.0570557550608,-2.264096860695875,-0.108223717193063,Local Watershed,123.40737434880305,1750.0706503480558,235.1419677734375,204.37893503573048,10.519024848937988,39.48268606535243,639.0535037526678
1992-03-16 12:00:00,,,,1991-12-16 12:00:00,R,1992,116350.16203296704,363.0006617460803,-2.266426708527007,-0.10950204964309072,Local Watershed,123.40737434880305,1750.0706503480558,235.13537476789023,203.8243607908448,10.510664369805204,39.4868654515669,639.0020223349788
1992-06-16 00:00:00,232.68995666503903,8.869485855102539,26.18298954366101,1992-03-16 00:00:00,HW,1992,179372.15380434785,565.6060199632634,-2.8701618807375366,0.0631385584443943,Local Watershed,123.40737434880305,1750.0706503480558,232.68995666503903,47.788843904513904,8.869485855102539,26.18298954366101,1191.8973838925665
1992-06-16 00:00:00,,,,1992-03-16 12:00:00,HW,1992,179372.15380434782,565.6060199632634,-2.8701618807375366,0.06313855844439431,Local Watershed,123.40737434880305,1750.0706503480558,232.689956665039,47.788843904513904,8.869485855102539,26.182989543661005,1191.8973838925667
1992-09-16 00:00:00,234.5397491455078,8.847450256347656,22.530368428283904,1992-06-16 00:00:00,F,1992,145260.90733333334,106.05769972442712,-2.4859586831130485,0.3231007011973135,Local Watershed,123.40737434880305,1750.0706503480558,234.5397491455078,52.453124731165865,8.847450256347656,22.530368428283904,1203.4394678567296
1992-12-16 00:00:00,234.3448486328125,10.83965301513672,40.6355874966359,1992-09-16 00:00:00,LW,1992,101140.05416104363,157.18773842962142,-2.225155325301693,0.1840060244773916,Local Watershed,123.40737434880305,1750.0706503480558,234.3448486328125,208.28320143052684,10.83965301513672,40.6355874966359,852.8604312877341
1992-12-16 06:00:00,,,,1992-09-16 00:00:00,LW,1992,101154.2198804348,158.54136578868832,-2.2241473608145057,0.18283499081201846,Local Watershed,123.40737434880305,1750.0706503480558,234.34397647884978,208.34715552140122,10.842361110978278,40.70336533284861,852.5503478411895
1993-03-16 00:00:00,234.30596923828125,10.001495361328123,52.85517588732574,1992-12-16 00:00:00,R,1993,155917.78402675744,768.1947781437109,-1.9297973469350265,-0.2525988396210725,Local Watershed,152.38432948164512,1598.2058671145326,234.30596923828125,89.19132674183689,10.001495361328123,52.85517588732574,1061.55817848616
1993-03-16 18:00:00,,,,1992-12-16 06:00:00,R,1993,156569.65435555554,771.6571581355508,-1.9315984983282284,-0.2537941566321961,Local Watershed,152.38432948164512,1598.2058671145326,234.29901843504248,88.05599160543402,9.984065526215458,52.722825222461985,1064.8362810313051
1993-06-16 00:00:00,231.26535034179688,8.025285720825195,18.81849876847554,1993-03-16 00:00:00,HW,1993,217075.35260869568,739.5338352314266,-2.3736645691773117,-0.0085263920766988,Local Watershed,152.38432948164512,1598.2058671145326,231.26535034179688,29.047976631629133,8.025285720825195,18.81849876847554,1401.1877576530658
1993-06-16 00:00:00,,,,1993-03-16 18:00:00,HW,1993,217075.35260869568,739.5338352314266,-2.3736645691773117,-0.0085263920766988,Local Watershed,152.38432948164512,1598.2058671145326,231.26535034179685,29.04797663162913,8.025285720825195,18.81849876847554,1401.1877576530658
1993-09-16 00:00:00,225.4464569091797,8.226080894470215,15.196567632079546,1993-06-16 00:00:00,F,1993,195011.9162365592,213.64504077625384,-1.6132872538403924,0.2882444825540197,Local Watershed,152.38432948164512,1598.2058671145326,225.4464569091797,27.185564738505125,8.226080894470215,15.196567632079546,1422.279251049122
1993-12-24 00:00:00,,,,1993-09-16 00:00:00,LW,1993,123208.41188,318.36302203342274,-1.2695110586167315,0.082077754863005,Local Watershed,152.38432948164512,1598.2058671145326,225.68277898390485,24.1610037300507,8.601110929065518,12.529845549041006,1536.2566925271292
1994-04-09 00:00:00,,,,1993-12-24 00:00:00,R,1994,190772.91373831776,1400.0544007768335,-1.940858057180592,-0.3897258468568598,Local Watershed,160.9196186754328,1658.0101591578098,229.39294322775336,18.03458871112781,8.421276667412009,7.137616762665149,1616.5757777739047
1994-07-09 00:00:00,228.5950164794922,7.912693023681641,13.951841429929782,1994-04-09 00:00:00,HW,1994,228972.81636097335,590.4538658707265,-2.476909779571379,0.1163920344724098,Local Watershed,160.9196186754328,1658.0101591578098,228.5950164794922,17.250906322411925,7.912693023681641,13.951841429929782,1343.0780762036547
1994-07-09 06:00:00,,,,1994-04-09 00:00:00,HW,1994,228979.8875,587.8699337159861,-2.4771526341134464,0.11718010591634012,Local Watershed,160.9196186754328,1658.0101591578098,228.58195985716668,17.26026486055585,7.910951487817574,13.996602325871711,1341.629731568809
1994-09-23 00:00:00,225.48080444335935,8.111077308654785,31.73583045184791,1994-07-09 00:00:00,F,1994,202583.66538627673,160.82512658443375,-2.211091525835823,0.075806676194873,Local Watershed,160.9196186754328,1658.0101591578098,225.48080444335935,28.85259296689093,8.111077308654785,31.73583045184791,924.4623171067302
1994-09-23 18:00:00,,,,1994-07-09 06:00:00,F,1994,202009.04631578943,159.58443057789435,-2.206322035701715,0.07518397779560074,Local Watershed,160.9196186754328,1658.0101591578098,225.50144527018642,29.1065509730415,8.128358828141836,31.915699483708597,922.8338141948669
1994-12-24 00:00:00,234.2882080078125,10.83965301513672,46.99912155316064,1994-09-23 00:00:00,LW,1994,124575.42392391304,294.6132804103089,-1.814034112028788,0.0871736484662394,Local Watershed,160.9196186754328,1658.0101591578098,234.2882080078125,69.32361071351092,10.83965301513672,46.99912155316064,1086.9980963252626
1994-12-24 00:00:00,,,,1994-09-23 18:00:00,LW,1994,124575.42392391304,294.61328041030896,-1.814034112028788,0.0871736484662394,Local Watershed,160.9196186754328,1658.0101591578098,234.2882080078125,69.32361071351092,10.83965301513672,46.99912155316064,1086.9980963252628
1995-04-09 00:00:00,234.5489654541016,8.088418006896973,40.848367326646,1994-12-24 00:00:00,R,1995,152476.3165140187,857.2662097366281,-2.1679988553558758,-0.1801214365043792,Local Watershed,168.5598521550713,1707.3068129927476,234.5489654541016,68.10189743027263,8.088418006896973,40.848367326646,1135.25286697474
1995-07-01 00:00:00,,,,1995-04-09 00:00:00,HW,1995,202780.53026210624,958.5156271524947,-1.7736578547365165,-0.0405626106646725,Local Watershed,168.5598521550713,1707.3068129927476,228.636769031221,29.49408433641288,7.190078744270481,25.222534695503054,1249.3449648982285
1995-07-01 12:00:00,,,,1995-04-09 00:00:00,HW,1995,202899.1894047619,953.5391978945578,-1.775037583554176,-0.04179246868590644,Local Watershed,168.5598521550713,1707.3068129927476,228.60372843255843,29.321975403418854,7.192367158793246,25.15657099031609,1249.8418827679704
1995-08-31 00:00:00,226.2079162597656,7.940846920013428,25.01008547476604,1995-07-01 00:00:00,F,1995,184803.16866268916,83.88397142844458,-2.213986151573652,-0.2638149787483365,Local Watershed,168.5598521550713,1707.3068129927476,226.2079162597656,29.810546101164725,7.940846920013428,25.01008547476604,1212.2644456217731
1995-08-31 12:00:00,,,,1995-07-01 12:00:00,F,1995,184345.51934426223,78.49097929095043,-2.2159505764362533,-0.26352596196848554,Local Watershed,168.5598521550713,1707.3068129927476,226.2062073839815,30.047084522278524,7.950192110178889,25.092491275031758,1210.8609988941353
1995-11-23 00:00:00,,,,1995-08-31 00:00:00,LW,1995,89119.57423646751,119.5077321828921,-1.808972967389516,0.1870386752167733,Local Watershed,168.5598521550713,1707.3068129927476,229.60425777876577,109.71985058397227,9.720600182427932,52.956029676454904,784.4206212135522
1995-11-23 06:00:00,,,,1995-08-31 12:00:00,LW,1995,88963.84914285714,121.3411505099354,-1.8071232375377346,0.18750954794816024,Local Watershed,168.5598521550713,1707.3068129927476,229.6207674927463,110.00108850271498,9.725481572553244,53.05368814819172,782.9375527326129
1996-03-08 00:00:00,234.38548278808597,10.306994438171388,68.43440119823256,1995-11-23 00:00:00,R,1996,136299.63401623574,967.6149329568476,-1.4149705471171174,-0.3079444129141042,Local Watershed,179.69730382988132,1663.873690096145,234.38548278808597,158.8380687272714,10.306994438171388,68.43440119823256,487.1323649525229
1996-03-08 18:00:00,,,,1995-11-23 06:00:00,R,1996,137044.89158490568,972.2381119241667,-1.4142644344782058,-0.3101414591433526,Local Watershed,179.69730382988132,1663.873690096145,234.3809442769348,158.3115390823749,10.295496860467578,68.22407510736615,489.17073311957313
1996-06-16 00:00:00,231.0649871826172,7.910932540893555,18.859751138063,1996-03-08 00:00:00,HW,1996,216829.0578,1056.6831143764666,-1.5281093748946626,-0.1294219195224986,Local Watershed,179.69730382988132,1663.873690096145,231.0649871826172,24.01021126030625,7.910932540893555,18.859751138063,1105.5878839468303
1996-06-16 00:00:00,,,,1996-03-08 18:00:00,HW,1996,216829.0578,1056.6831143764666,-1.5281093748946626,-0.1294219195224986,Local Watershed,179.69730382988132,1663.873690096145,231.06498718261722,24.010211260306242,7.910932540893555,18.859751138062997,1105.5878839468303
1996-09-16 00:00:00,233.1214599609375,8.006062507629395,19.59183935924248,1996-06-16 00:00:00,F,1996,199925.8369892473,277.66966442083094,-1.931101794096626,0.0292592919815299,Local Watershed,179.69730382988132,1663.873690096145,233.1214599609375,32.388203282985714,8.006062507629395,19.59183935924248,1271.512035034952
1996-12-16 00:00:00,235.1846160888672,9.011154174804688,52.19696921409462,1996-09-16 00:00:00,LW,1996,116699.83993323994,204.28563349637503,-1.9472641213066064,0.4399426928904141,Local Watershed,179.69730382988132,1663.873690096145,235.1846160888672,196.886969535939,9.011154174804688,52.19696921409462,894.626597050151
1996-12-16 06:00:00,,,,1996-09-16 00:00:00,LW,1996,116592.82954347823,205.63015736391375,-1.9463630644146057,0.438904646724754,Local Watershed,179.69730382988132,1663.873690096145,235.19151792517897,197.13667013657138,9.012509489357198,52.2374051359028,893.8870803082832
1997-03-16 00:00:00,,,,1996-12-16 00:00:00,R,1997,149369.4975424204,788.6932351792834,-1.7164534831306402,-0.4287797446544649,Local Watershed,181.8114231081988,1638.719563273478,237.2060484972383,155.143270062784,8.77059958254314,39.05558263718976,918.2243851342953
1997-03-16 18:00:00,,,,1996-12-16 06:00:00,R,1997,150042.02759999997,790.5478070332259,-1.7193352406421374,-0.43198011624809846,Local Watershed,181.8114231081988,1638.719563273478,237.20220775490822,154.0437229104114,8.764228788529323,38.79525770909068,920.3142358317782
1997-06-16 00:00:00,230.02052307128903,7.890129566192627,9.00393071477684,1997-03-16 00:00:00,HW,1997,224371.08760869564,493.7732917301546,-2.578230407615867,-0.0541708078208006,Local Watershed,181.8114231081988,1638.719563273478,230.02052307128903,16.229499160806224,7.890129566192627,9.00393071477684,1271.9366898558246
1997-06-16 00:00:00,,,,1997-03-16 18:00:00,HW,1997,224371.08760869564,493.7732917301546,-2.578230407615867,-0.05417080782080061,Local Watershed,181.8114231081988,1638.719563273478,230.020523071289,16.229499160806228,7.890129566192627,9.003930714776843,1271.9366898558246
1997-09-16 00:00:00,215.64157104492188,7.925432205200195,12.573516795861511,1997-06-16 00:00:00,F,1997,190923.81870967743,117.78563411693104,-2.870506237335249,-0.0112029725104017,Local Watershed,181.8114231081988,1638.719563273478,215.64157104492188,20.31110603763128,7.925432205200195,12.573516795861511,1394.4259217378697
1997-12-24 00:00:00,231.7582855224609,10.005043983459473,42.61930658568441,1997-09-16 00:00:00,LW,1997,83465.56137000001,145.7472069694762,-2.580495630401574,0.0029141186973393,Local Watershed,181.8114231081988,1638.719563273478,231.7582855224609,201.87690817595265,10.005043983459473,42.61930658568441,701.9213948230902
1998-04-09 00:00:00,,,,1997-12-24 00:00:00,R,1998,133506.58284112148,699.8664316635244,-2.3391417879459246,-0.1111106068353843,Local Watershed,180.9847606482477,1671.4650176844168,237.21675018479013,192.02301481700414,10.027430370994466,37.391599160299414,778.6079198593427
1998-07-01 00:00:00,,,,1998-04-09 00:00:00,HW,1998,192029.81387181097,575.5653054145248,-2.197353535199504,0.20757170651081,Local Watershed,180.9847606482477,1671.4650176844168,232.05367562477218,93.20834802831398,8.827245435158066,23.849090526275198,1178.3234656943748
1998-07-01 12:00:00,,,,1998-04-09 00:00:00,HW,1998,192211.94666666663,571.9114319742458,-2.196517853868107,0.20727849149232885,Local Watershed,180.9847606482477,1671.4650176844168,232.02013196238846,92.66176533443124,8.81958279041765,23.806895042698486,1180.2876754413326
1998-08-31 00:00:00,229.26873779296875,8.042795181274414,26.517590580335487,1998-07-01 00:00:00,F,1998,186562.9527557653,64.99376943474779,-1.9740118085151652,0.0146003734149082,Local Watershed,180.9847606482477,1671.4650176844168,229.26873779296875,50.38511227196603,8.042795181274414,26.517590580335487,1288.2068463346063
1998-08-31 12:00:00,,,,1998-07-01 12:00:00,F,1998,186235.6098360656,62.18121329038558,-1.9701606872008264,0.01394711017819173,Local Watershed,180.9847606482477,1671.4650176844168,229.2621793154607,50.30192383433763,8.038284097508747,26.619888476066578,1287.7069434815933
1998-11-30 00:00:00,,,,1998-08-31 00:00:00,LW,1998,99224.03702770788,258.6771189532357,-1.1051654246769376,0.2140939366815784,Local Watershed,180.9847606482477,1671.4650176844168,232.02737713262383,96.6388032480452,7.773770811303168,60.41608657941111,895.4904151102563
1998-11-30 18:00:00,,,,1998-08-31 12:00:00,LW,1998,98797.58156043956,264.75169642188496,-1.1019445008939033,0.21402464018076175,Local Watershed,180.9847606482477,1671.4650176844168,232.06786221378871,97.29408213402641,7.77500934548142,60.73711732277904,891.0513192517614
1999-04-01 00:00:00,234.7637939453125,8.13782024383545,78.42195368553753,1998-11-30 00:00:00,R,1999,152160.23011136602,1243.538963233806,-1.6542180889982814,-0.2926134172614761,Local Watershed,178.16125021606084,1586.9505865097058,234.7637939453125,142.26112366614697,8.13782024383545,78.42195368553753,576.6469571402865
1999-04-01 06:00:00,,,,1998-11-30 18:00:00,R,1999,152406.34986065573,1244.1910818036188,-1.6556986320515965,-0.2930331353480976,Local Watershed,178.16125021606084,1586.9505865097058,234.75241569158757,142.08735587400434,8.13821824908207,78.3372852677906,577.6066021857741
1999-07-09 00:00:00,224.28599548339844,7.879195213317871,23.13235420453193,1999-04-01 00:00:00,HW,1999,229363.7976947187,809.9102963011476,-1.6726611527332704,-0.1738365497335442,Local Watershed,178.16125021606084,1586.9505865097058,224.28599548339844,21.414758963660912,7.879195213317871,23.13235420453193,1296.152876771679
1999-07-09 06:00:00,,,,1999-04-01 06:00:00,HW,1999,229438.00464646463,807.5170216962446,-1.6710516176856762,-0.1739254304195943,Local Watershed,178.16125021606084,1586.9505865097058,224.25034584589454,21.176876882854824,7.877268767564998,23.022143317963245,1297.7517974593677
1999-09-23 00:00:00,218.0203399658203,7.925432205200195,16.166742837903104,1999-07-09 00:00:00,F,1999,205907.6493107454,120.07997233556895,-1.1691397486606545,-0.2452742423052213,Local Watershed,178.16125021606084,1586.9505865097058,218.0203399658203,24.320307128219163,7.925432205200195,16.166742837903104,1437.851060382755
1999-09-23 18:00:00,,,,1999-07-09 06:00:00,F,1999,205197.5332894737,115.98687077919192,-1.1682386439111483,-0.2433825470004044,Local Watershed,178.16125021606084,1586.9505865097058,218.0576103648942,25.236179869215064,7.9420101732502575,16.36460903885799,1435.3657607299863
1999-12-24 00:00:00,232.8074951171875,10.924068450927734,59.11692249599392,1999-09-23 00:00:00,LW,1999,107236.24162108832,330.1710292908507,-1.5171335768938277,0.1601196946733019,Local Watershed,178.16125021606084,1586.9505865097058,232.8074951171875,170.18502347276527,10.924068450927734,59.11692249599392,881.7249647950983
1999-12-24 06:00:00,,,,1999-09-23 18:00:00,LW,1999,107105.70141304348,332.64673108183314,-1.5173362760319558,0.1599582557241819,Local Watershed,178.16125021606084,1586.9505865097058,232.84348888297617,170.36107041735838,10.927298039407068,59.22969697075729,880.5489359177693
2000-04-08 00:00:00,234.48280334472656,9.016607284545898,68.32542884777558,1999-12-24 00:00:00,R,2000,153209.3512506782,1408.6855164700837,-1.2175766424598569,-0.4699805600675478,Local Watershed,182.2376924935526,1674.7296824116695,234.48280334472656,93.88686224976703,9.016607284545898,68.32542884777558,896.1720387349477
2000-04-08 18:00:00,,,,1999-12-24 06:00:00,R,2000,153906.6646037736,1410.2812756025405,-1.2195161263951064,-0.472007873215387,Local Watershed,182.2376924935526,1674.7296824116695,234.42746600213445,93.04499743942092,8.99977691608965,68.04493690711273,898.8677372887372
2000-07-16 00:00:00,223.8042449951172,7.871316909790039,13.654779127886329,2000-04-08 00:00:00,HW,2000,222984.17318174167,752.8653235658329,-2.118288371744064,-0.0629797806393725,Local Watershed,182.2376924935526,1674.7296824116695,223.8042449951172,17.10488468405033,7.871316909790039,13.654779127886329,1308.164311375146
2000-07-16 18:00:00,,,,2000-04-08 18:00:00,HW,2000,223151.33696969695,745.93637463133,-2.1249830835193873,-0.057717991125770196,Local Watershed,182.2376924935526,1674.7296824116695,223.7066005272163,16.61830592926461,7.863831411001201,13.354815639972212,1310.7226409162336
2000-10-16 00:00:00,218.72747802734372,7.940486431121826,14.493446604978846,2000-07-16 00:00:00,F,2000,185997.6801789526,184.2933853624789,-2.2544579547388675,0.333094122655563,Local Watershed,182.2376924935526,1674.7296824116695,218.72747802734372,24.709793433450137,7.940486431121826,14.493446604978846,1326.5741957042037
2000-10-16 06:00:00,,,,2000-07-16 18:00:00,F,2000,185752.3479347826,183.46038505793595,-2.252664279530377,0.33305558572818506,Local Watershed,182.2376924935526,1674.7296824116695,218.7536596127659,25.119816962489363,7.947840465627615,14.590933244153911,1325.4834721288146
2001-01-07 00:00:00,233.3350982666016,10.83965301513672,54.69632573166754,2000-10-16 00:00:00,LW,2001,115295.39101283501,253.02474805351224,-1.599636586315103,-0.0450125947898515,Local Watershed,184.93173960448843,1691.5023548585264,233.3350982666016,184.78572523367484,10.83965301513672,54.69632573166754,902.849114169824
2001-01-07 18:00:00,,,,2000-10-16 06:00:00,LW,2001,115216.95246987951,258.19226772427487,-1.5993143758121773,-0.050898191610394584,Local Watershed,184.93173960448843,1691.5023548585264,233.40868207678827,185.0472767258365,10.842461749249942,54.965502991084065,901.9093543831273
2001-03-24 00:00:00,232.16357421875,8.784039497375488,58.23594469246324,2001-01-07 00:00:00,R,2001,165433.09051409,915.4792173367098,-1.9928626212371356,-0.4863543772881828,Local Watershed,184.93173960448843,1691.5023548585264,232.16357421875,86.6593942757707,8.784039497375488,58.23594469246324,1134.295313519154
2001-03-24 06:00:00,,,,2001-01-07 18:00:00,R,2001,165671.6839736842,916.8102421209854,-1.993496341555348,-0.48630007392664787,Local Watershed,184.93173960448843,1691.5023548585264,232.15320471210796,86.27926864182896,8.776897320513987,58.16748830629076,1135.3385822095142
2001-06-16 00:00:00,228.1894378662109,7.887654781341553,20.57905879934792,2001-03-24 00:00:00,HW,2001,220891.9229761905,771.4383192194815,-1.7531801879098317,-0.0976067273461105,Local Watershed,184.93173960448843,1691.5023548585264,228.1894378662109,24.95023185579056,7.887654781341553,20.57905879934792,1367.0437435109338
2001-06-16 00:00:00,,,,2001-03-24 06:00:00,HW,2001,220891.9229761905,771.4383192194815,-1.7531801879098317,-0.09760672734611049,Local Watershed,184.93173960448843,1691.5023548585264,228.1894378662109,24.950231855790555,7.887654781341553,20.57905879934792,1367.0437435109336
2001-09-16 00:00:00,215.2109222412109,7.910932540893555,10.03000040230972,2001-06-16 00:00:00,F,2001,195585.52741935485,147.1388829977295,-2.104456482301132,-0.129959904509624,Local Watershed,184.93173960448843,1691.5023548585264,215.2109222412109,19.340951655754623,7.910932540893555,10.03000040230972,1395.4928578642912
2001-12-24 00:00:00,232.5489196777344,10.83965301513672,58.28226767045798,2001-09-16 00:00:00,LW,2001,104194.75157000002,155.70155183409796,-2.3273299254918016,0.4060388002193996,Local Watershed,184.93173960448843,1691.5023548585264,232.5489196777344,172.91581034733858,10.83965301513672,58.28226767045798,812.1861538114164
2002-04-09 00:00:00,235.0374755859375,8.50539779663086,29.63017344991901,2001-12-24 00:00:00,R,2002,161312.87371028037,1131.164536235298,-1.7264360700729455,-0.4637881938270791,Local Watershed,181.07005275122427,1671.4342046668846,235.0374755859375,55.332609976506696,8.50539779663086,29.63017344991901,1156.0449933971745
2002-07-09 00:00:00,216.28944396972656,7.890129566192627,12.988204241766487,2002-04-09 00:00:00,HW,2002,216281.72166616068,614.7705005039974,-2.3998504269120216,-0.0506361910288733,Local Watershed,181.07005275122427,1671.4342046668846,216.28944396972656,20.54956120856621,7.890129566192627,12.988204241766487,1357.7971873630115
2002-07-09 06:00:00,,,,2002-04-09 00:00:00,HW,2002,216335.7228260869,612.4493380382919,-2.4022473707760796,-0.049380689703129615,Local Watershed,181.07005275122427,1671.4342046668846,216.2585188332201,20.50039973174957,7.889411832588267,12.962267020293151,1358.2430368393339
2002-09-23 00:00:00,218.06881713867188,8.116841316223145,15.692749933346036,2002-07-09 00:00:00,F,2002,196845.9924034086,79.9646051928949,-2.7600889217936446,0.1065082825522301,Local Watershed,181.07005275122427,1671.4342046668846,218.06881713867188,26.7536901760844,8.116841316223145,15.692749933346036,1398.300325030739
2002-09-23 18:00:00,,,,2002-07-09 06:00:00,F,2002,196255.83039473684,77.46737341576886,-2.757929751670509,0.10766896356292749,Local Watershed,181.07005275122427,1671.4342046668846,218.17773024598463,27.465224375502647,8.132366106097493,15.936205892328369,1396.1857527260509
2002-12-24 00:00:00,234.0359649658203,10.83965301513672,65.19973498756657,2002-09-23 00:00:00,LW,2002,113620.2267282609,260.1756921779919,-2.0917536524858,0.1938528543436348,Local Watershed,181.07005275122427,1671.4342046668846,234.0359649658203,161.60280280842267,10.83965301513672,65.19973498756657,899.2909782520265
2002-12-24 00:00:00,,,,2002-09-23 18:00:00,LW,2002,113620.22672826088,260.1756921779919,-2.0917536524858,0.1938528543436348,Local Watershed,181.07005275122427,1671.4342046668846,234.03596496582034,161.60280280842267,10.839653015136722,65.19973498756657,899.2909782520268
2003-04-09 00:00:00,233.58740234375,9.203275680541992,67.70280903777831,2002-12-24 00:00:00,R,2003,154128.3973457944,986.0674877253588,-2.3156264522800463,-0.3086336405591197,Local Watershed,159.12547532537604,1708.5312593988117,233.58740234375,106.53181397594015,9.203275680541992,67.70280903777831,936.6414423302444
2003-07-09 00:00:00,226.0424346923828,7.894221305847168,21.925103723330448,2003-04-09 00:00:00,HW,2003,209944.13119744556,775.1054699590335,-1.9986522841407768,-0.1638145615966713,Local Watershed,159.12547532537604,1708.5312593988117,226.0424346923828,32.65328054953229,7.894221305847168,21.925103723330448,1320.4229579830414
2003-07-09 06:00:00,,,,2003-04-09 00:00:00,HW,2003,210003.37706521736,773.3966033489957,-1.9970725461513967,-0.16334930913137657,Local Watershed,159.12547532537604,1708.5312593988117,226.03381357803474,32.47253185111728,7.891842368528365,21.825693596091146,1321.1637070777906
2003-09-23 00:00:00,228.18182373046875,8.09087085723877,17.289416070101236,2003-07-09 00:00:00,F,2003,189787.84120165673,210.21732680102104,-1.6246384918241314,0.0027426822826709,Local Watershed,159.12547532537604,1708.5312593988117,228.18182373046875,23.056590133663523,8.09087085723877,17.289416070101236,1342.4247985307736
2003-09-23 18:00:00,,,,2003-07-09 06:00:00,F,2003,189184.81421052635,205.9477798876885,-1.6236644038970431,0.0067679039718597745,Local Watershed,159.12547532537604,1708.5312593988117,228.24024014347725,23.879966993548948,8.110338720101417,17.549808761532507,1340.3985055323137
2003-12-16 00:00:00,235.1651306152344,10.828718185424805,63.95991799531605,2003-09-23 00:00:00,LW,2003,114043.31148162948,159.5601569587017,-1.7199281757312048,0.4233240993318483,Local Watershed,159.12547532537604,1708.5312593988117,235.1651306152344,176.99009080112776,10.828718185424805,63.95991799531605,1006.5939725160288
2003-12-16 12:00:00,,,,2003-09-23 18:00:00,LW,2003,113810.59227380953,162.19251407510674,-1.7197989165235354,0.4222162690231151,Local Watershed,159.12547532537604,1708.5312593988117,235.1922761077439,177.6501482665826,10.83305211580569,64.1900288016875,1005.0655288246267
2004-03-16 00:00:00,235.435546875,8.868292808532715,69.04686826344708,2003-12-16 00:00:00,R,2004,140320.09798063542,881.0208292750905,-1.5560157524425686,-0.2849955413407128,Local Watershed,165.56325703991192,1716.4596002533958,235.435546875,163.3542731362934,8.868292808532715,69.04686826344708,1014.063470306324
2004-03-16 12:00:00,,,,2003-12-16 12:00:00,R,2004,140694.9164945055,884.1340233545304,-1.556383510861447,-0.286930941588412,Local Watershed,165.56325703991192,1716.4596002533958,235.41916447127116,162.74864533366986,8.856405102442263,68.88329155025008,1015.5510467667157
2004-06-16 00:00:00,232.0974578857422,8.056079864501953,26.236009825359268,2004-03-16 00:00:00,HW,2004,200829.89423913052,922.7212017674136,-1.9410934633505368,-0.0821705255549054,Local Watershed,165.56325703991192,1716.4596002533958,232.0974578857422,39.05706998570869,8.056079864501953,26.236009825359268,1362.4633823803026
2004-06-16 00:00:00,,,,2004-03-16 12:00:00,HW,2004,200829.8942391305,922.7212017674135,-1.9410934633505368,-0.08217052555490542,Local Watershed,165.56325703991192,1716.4596002533958,232.0974578857422,39.05706998570869,8.056079864501951,26.236009825359265,1362.4633823803026
2004-09-16 00:00:00,232.0791473388672,8.241060256958008,17.68869663215676,2004-06-16 00:00:00,F,2004,180681.39612903225,245.8714674453488,-2.082415703023333,-0.1125477973406233,Local Watershed,165.56325703991192,1716.4596002533958,232.0791473388672,39.54264805494731,8.241060256958008,17.68869663215676,1344.387070473793
2004-12-16 00:00:00,233.7545318603516,10.605066299438477,49.86272211125438,2004-09-16 00:00:00,LW,2004,115842.87246937474,105.89177782005844,-1.671759090414339,0.5724058666694581,Local Watershed,165.56325703991192,1716.4596002533958,233.7545318603516,178.50024611292463,10.605066299438477,49.86272211125438,937.833274427502
2004-12-16 06:00:00,,,,2004-09-16 00:00:00,LW,2004,115756.5936304348,107.25555488649665,-1.6699651930953114,0.5720990866998297,Local Watershed,165.56325703991192,1716.4596002533958,233.755927118152,178.74969052105402,10.604946491289049,49.960311126425495,937.0576854998246
2005-03-16 00:00:00,234.29122924804688,8.288423538208008,65.55954871208148,2004-12-16 00:00:00,R,2005,143211.8623749576,923.892909112162,-1.404162840254232,-0.2297235413867253,Local Watershed,176.47407226838456,1632.9113137337615,234.29122924804688,161.74315852028022,8.288423538208008,65.55954871208148,993.8951880683246
2005-03-16 18:00:00,,,,2004-12-16 06:00:00,R,2005,143859.33789999998,929.6881687932083,-1.410096818594998,-0.23348790421791646,Local Watershed,176.47407226838456,1632.9113137337615,234.31555732314337,160.87522715948492,8.272928475206786,65.4256534085878,997.2109723802192
2005-06-08 00:00:00,232.69281005859372,7.932438373565674,28.148291897117957,2005-03-16 00:00:00,HW,2005,215854.65206018448,996.8275750649216,-2.2800767624538487,-0.1823510158070429,Local Watershed,176.47407226838456,1632.9113137337615,232.69281005859372,44.4539171661687,7.932438373565674,28.148291897117957,1458.8827290876725
2005-06-08 06:00:00,,,,2005-03-16 18:00:00,HW,2005,215963.3629761905,995.0469462910904,-2.2799608604389623,-0.18292718499962848,Local Watershed,176.47407226838456,1632.9113137337615,232.6502621206453,44.155838989454445,7.931558267224561,28.013986601812086,1459.9507363666544
2005-08-23 00:00:00,217.8419952392578,7.932968616485596,11.631618499278671,2005-06-08 00:00:00,F,2005,193190.4211827926,215.6634752439808,-1.5547787705079985,-0.4991852715573027,Local Watershed,176.47407226838456,1632.9113137337615,217.8419952392578,22.82676142492232,7.932968616485596,11.631618499278671,1459.3398103156192
2005-08-23 18:00:00,,,,2005-06-08 06:00:00,F,2005,192445.21473684208,209.34914330712033,-1.5505018962152026,-0.49732745658609456,Local Watershed,176.47407226838456,1632.9113137337615,217.82877272204487,23.54868386590331,7.948782214517959,11.89599182021965,1455.3608863621182
2005-11-23 00:00:00,233.8891448974609,10.828718185424805,67.56147314606083,2005-08-23 00:00:00,LW,2005,92682.09352173912,101.65854497614686,-1.898772373063308,0.3019622162725183,Local Watershed,176.47407226838456,1632.9113137337615,233.8891448974609,149.22042591912833,10.828718185424805,67.56147314606083,840.001407327343
2005-11-23 00:00:00,,,,2005-08-23 18:00:00,LW,2005,92682.09352173912,101.65854497614686,-1.8987723730633077,0.30196221627251824,Local Watershed,176.47407226838456,1632.9113137337615,233.8891448974609,149.22042591912833,10.828718185424805,67.56147314606082,840.001407327343
2006-03-09 00:00:00,228.5950164794922,8.094075202941895,19.89128082744535,2005-11-23 00:00:00,R,2006,145596.3938224299,1056.8656086593694,-1.5419336712310134,-0.2791709711941945,Local Watershed,182.3630693106633,1585.55783755338,228.5950164794922,40.97509365116669,8.094075202941895,19.89128082744535,1265.5818701104415
2006-06-16 00:00:00,232.54542541503903,7.900279521942139,20.97898148260263,2006-03-09 00:00:00,HW,2006,229704.03980000003,1496.7188533982865,-1.6529587388678528,-0.1187124126143245,Local Watershed,182.3630693106633,1585.55783755338,232.54542541503903,25.341481579739067,7.900279521942139,20.97898148260263,1431.3216756729416
2006-09-16 00:00:00,217.6182556152344,8.045127868652344,9.595307504939507,2006-06-16 00:00:00,F,2006,197713.9829032258,206.40753520892767,-1.937658943191676,-0.202552613232481,Local Watershed,182.3630693106633,1585.55783755338,217.6182556152344,23.632488223077143,8.045127868652344,9.595307504939507,1525.1863525719953
2006-12-24 00:00:00,235.1406097412109,8.767578125,55.45311301742732,2006-09-16 00:00:00,LW,2006,103431.77143,311.93476676852504,-1.9862963485170368,0.1609271444874622,Local Watershed,182.3630693106633,1585.55783755338,235.1406097412109,183.76212333890675,8.767578125,55.45311301742732,790.9405580131615
2007-04-09 00:00:00,231.75466918945312,8.244890213012695,27.668555434754587,2006-12-24 00:00:00,R,2007,164946.1878691589,1007.7934198415116,-1.7962421262189312,-0.2193559538598556,Local Watershed,186.10605872261,1543.088183790319,231.75466918945312,60.06531153073344,8.244890213012695,27.668555434754587,1252.3337068014102
2007-07-09 00:00:00,222.45623779296875,7.912693023681641,16.647023153972526,2007-04-09 00:00:00,HW,2007,217282.84768187045,747.7847865524628,-1.8304883060772357,-0.2308846546785196,Local Watershed,186.10605872261,1543.088183790319,222.45623779296875,24.546124793342575,7.912693023681641,16.647023153972526,1458.9276931970849
2007-07-09 06:00:00,,,,2007-04-09 00:00:00,HW,2007,217302.56934782607,745.9148961611387,-1.8306573693494803,-0.2309073236613296,Local Watershed,186.10605872261,1543.088183790319,222.46041277704413,24.520928830749074,7.911219663462126,16.62417007188864,1459.2148302105768
2007-09-23 00:00:00,229.0827178955078,8.048460006713867,16.577484448529578,2007-07-09 00:00:00,F,2007,184403.42174133981,145.76275413791686,-1.83084094024842,-0.2647117927141882,Local Watershed,186.10605872261,1543.088183790319,229.0827178955078,30.0945831445042,8.048460006713867,16.577484448529578,1431.244499561231
2007-09-23 18:00:00,,,,2007-07-09 06:00:00,F,2007,183716.1547368421,141.59762737267866,-1.8302013426982269,-0.2640204293557913,Local Watershed,186.10605872261,1543.088183790319,229.13175203249466,30.554016366384513,8.06533715322047,16.788762664433047,1428.2604669773723
2007-12-24 00:00:00,229.0326995849609,10.83965301513672,53.95137401052455,2007-09-23 00:00:00,LW,2007,105515.67622355136,264.29631742856424,-1.6536482727026802,-0.1290227773544498,Local Watershed,186.10605872261,1543.088183790319,229.0326995849609,107.11740263728996,10.83965301513672,53.95137401052455,951.3347028728538
2007-12-24 06:00:00,,,,2007-09-23 18:00:00,LW,2007,105467.5496195652,266.530525454604,-1.6529337356629685,-0.12928508739975528,Local Watershed,186.10605872261,1543.088183790319,229.03312550167576,107.17349110184406,10.841257236687206,53.97597936791352,951.087972995647
2008-04-08 00:00:00,228.6107177734375,8.030305862426758,20.528865646381057,2007-12-24 00:00:00,R,2008,179707.76239922133,1408.526195207568,-1.4041612402559247,-0.4969512405245567,Local Watershed,183.350470475919,1519.3375589694058,228.6107177734375,42.89589576647109,8.030305862426758,20.528865646381057,1424.7736218142916
2008-04-08 18:00:00,,,,2007-12-24 06:00:00,R,2008,180471.57483018868,1412.147113089426,-1.4038383463899622,-0.4983406554560223,Local Watershed,183.350470475919,1519.3375589694058,228.5370710928401,42.448705529485615,8.009110671937032,20.311281439908655,1427.9304298374984
2008-07-09 00:00:00,215.13650512695312,7.920907974243164,11.917000702059148,2008-04-08 00:00:00,HW,2008,234281.15829384135,959.2812947012486,-1.6345616786448214,-0.3518925856581026,Local Watershed,183.350470475919,1519.3375589694058,215.13650512695312,19.61069262739656,7.920907974243164,11.917000702059148,1544.351923470245
2008-07-09 06:00:00,,,,2008-04-08 18:00:00,HW,2008,234272.15358695656,956.1085898192825,-1.6359535713394204,-0.3509775409654076,Local Watershed,183.350470475919,1519.3375589694058,215.11437905612664,19.539086465066504,7.927946768417068,11.893601383891793,1544.4848822523722
2008-09-23 00:00:00,218.30062866210935,10.708502769470217,10.521386143719337,2008-07-09 00:00:00,F,2008,187961.75224922676,56.52905240195058,-1.8203263419370213,-0.02778682337956,Local Watershed,183.350470475919,1519.3375589694058,218.30062866210935,27.41978597298248,10.708502769470217,10.521386143719337,1473.9615802765577
2008-09-23 18:00:00,,,,2008-07-09 06:00:00,F,2008,187152.5543421053,52.48287274568407,-1.815427976323732,-0.024104466795925622,Local Watershed,183.350470475919,1519.3375589694058,218.42666361840492,28.34871217050298,10.72937752970141,10.746801531913421,1470.1643622736046
2008-12-16 00:00:00,234.6470184326172,10.83965301513672,56.68583354074914,2008-09-23 00:00:00,LW,2008,111283.6243863526,336.6300131724098,-0.9280225036980064,0.1506741134186099,Local Watershed,183.350470475919,1519.3375589694058,234.6470184326172,174.18851457806016,10.83965301513672,56.68583354074914,895.1150323841769
2008-12-16 06:00:00,,,,2008-09-23 18:00:00,LW,2008,111238.95966666666,338.5893466363899,-0.9272848227859516,0.14962292648178357,Local Watershed,183.350470475919,1519.3375589694058,234.67626906619398,174.37640672271758,10.833890131260128,56.79750230652011,894.3002734044663
2009-03-16 00:00:00,235.12559509277344,8.185346603393555,59.067825494162335,2008-12-16 00:00:00,R,2009,174123.0963166784,1033.7160993394732,-1.5935094426871486,-0.4667026625941671,Local Watershed,187.34821668158517,1471.528455106702,235.12559509277344,100.3768102594413,8.185346603393555,59.067825494162335,1143.3131323365897
2009-03-16 18:00:00,,,,2008-12-16 06:00:00,R,2009,174916.4340222222,1039.2571118900057,-1.5989548370114761,-0.4679007400871314,Local Watershed,187.34821668158517,1471.528455106702,235.1076947058512,99.40846076423128,8.171778259583293,58.82120650795024,1147.1233558335398
2009-06-16 00:00:00,230.37767028808597,7.902099609375,16.468539753394616,2009-03-16 00:00:00,HW,2009,247497.77739130432,1251.355535281055,-1.95816679883308,-0.043711928121945,Local Watershed,187.34821668158517,1471.528455106702,230.37767028808597,25.9127150568765,7.902099609375,16.468539753394616,1533.0528615882608
2009-06-16 00:00:00,,,,2009-03-16 18:00:00,HW,2009,247497.77739130435,1251.355535281055,-1.95816679883308,-0.04371192812194498,Local Watershed,187.34821668158517,1471.528455106702,230.37767028808594,25.9127150568765,7.902099609375,16.468539753394616,1533.0528615882604
2009-09-16 00:00:00,215.13650512695312,7.940846920013428,6.579395997259359,2009-06-16 00:00:00,F,2009,228467.13451612904,126.41115471838508,-2.926207171935282,-0.0243109135282215,Local Watershed,187.34821668158517,1471.528455106702,215.13650512695312,19.618873856722328,7.940846920013428,6.579395997259359,1632.2603800863171
2009-12-16 00:00:00,231.5045166015625,10.828718185424805,59.84941164494684,2009-09-16 00:00:00,LW,2009,111141.13826570455,72.69812671329046,-2.5636594117019467,0.0325049058703146,Local Watershed,187.34821668158517,1471.528455106702,231.5045166015625,90.69269946593654,10.828718185424805,59.84941164494684,940.359836466838
2009-12-16 06:00:00,,,,2009-09-16 00:00:00,LW,2009,110983.36233695652,73.60830621406974,-2.5621368774067435,0.031713025857407304,Local Watershed,187.34821668158517,1471.528455106702,231.54210237188795,90.78037931922339,10.834872097362345,59.92339435946585,939.3407641382656
2010-03-16 00:00:00,231.9976348876953,10.726144790649414,43.85055645020105,2009-12-16 00:00:00,R,2010,144687.48891640076,487.87700370881913,-2.1277984506372656,-0.3949054580979915,Local Watershed,183.19503493393483,1569.7390006698708,231.9976348876953,64.56680111048527,10.726144790649414,43.85055645020105,1107.374412342253
2010-03-16 18:00:00,,,,2009-12-16 06:00:00,R,2010,145343.79483333335,492.5689407213078,-2.1229436503667336,-0.3950784076887891,Local Watershed,183.19503493393483,1569.7390006698708,231.94949056310242,64.17677035137937,10.706630101915636,43.570002478571006,1110.479640214093
2010-06-16 00:00:00,226.972900390625,7.849280834197998,15.499034351203871,2010-03-16 00:00:00,HW,2010,208088.98043478257,909.3201713418204,-1.4874620581944695,-0.1243431607905672,Local Watershed,183.19503493393483,1569.7390006698708,226.972900390625,24.49089181057112,7.849280834197998,15.499034351203871,1405.6454217937962
2010-06-16 00:00:00,,,,2010-03-16 18:00:00,HW,2010,208088.9804347826,909.3201713418204,-1.4874620581944697,-0.12434316079056716,Local Watershed,183.19503493393483,1569.7390006698708,226.972900390625,24.490891810571117,7.849280834197998,15.499034351203873,1405.6454217937962
2010-09-16 00:00:00,226.06837463378903,7.918811321258545,11.888457676981096,2010-06-16 00:00:00,F,2010,183720.5707526882,334.15072760054323,-1.5118045321356142,-0.5762527136616674,Local Watershed,183.19503493393483,1569.7390006698708,226.06837463378903,27.02832174155575,7.918811321258545,11.888457676981096,1428.3716402360426
2010-12-24 00:00:00,233.88414001464844,8.173882484436035,64.18444140420185,2010-09-16 00:00:00,LW,2010,86233.76481000001,313.28718003208587,-1.3314702280814037,-0.1718776426711314,Local Watershed,183.19503493393483,1569.7390006698708,233.88414001464844,166.20242919216932,8.173882484436035,64.18444140420185,704.6098963863473
2011-04-09 00:00:00,234.2957305908203,8.054278373718262,33.930798785671584,2010-12-24 00:00:00,R,2011,154222.23334579438,1443.3208420506544,-1.4472906470472493,-0.5200962697485788,Local Watershed,174.5874835188852,1567.0379514785377,234.2957305908203,47.53664594192395,8.054278373718262,33.930798785671584,1028.0580175605126
2011-07-01 00:00:00,215.13650512695312,7.849280834197998,9.579272963435566,2011-04-09 00:00:00,HW,2011,230596.99036837023,584.9972190674863,-2.009203345472391,-0.0759380094854664,Local Watershed,174.5874835188852,1567.0379514785377,215.13650512695312,18.387730572425717,7.849280834197998,9.579272963435566,1411.0294270963911
2011-07-01 12:00:00,,,,2011-04-09 00:00:00,HW,2011,230737.68333333332,579.0642121932896,-2.0135086869201007,-0.07637583813353795,Local Watershed,174.5874835188852,1567.0379514785377,215.06496581176447,18.294319969939593,7.861875507917595,9.490881489858708,1412.742540356462
2011-08-31 00:00:00,215.5395355224609,10.010379791259766,11.162473584889582,2011-07-01 00:00:00,F,2011,206777.2277479059,133.02675676662994,-2.3578586233995127,-0.35995672680981,Local Watershed,174.5874835188852,1567.0379514785377,215.5395355224609,24.38359079449372,10.010379791259766,11.162473584889582,1447.818425770927
2011-08-31 12:00:00,,,,2011-07-01 12:00:00,F,2011,206269.7473770492,131.33847800601944,-2.3573156476337016,-0.36054773439640225,Local Watershed,174.5874835188852,1567.0379514785377,215.6093668267226,24.85037056925525,10.021190412664469,11.346239849874566,1445.7268671873733
2011-11-23 00:00:00,232.6334381103516,9.243779182434082,62.96249560158394,2011-08-31 00:00:00,LW,2011,108946.67250573312,233.9299427120554,-1.6680806457750854,0.0929540690283171,Local Watershed,174.5874835188852,1567.0379514785377,232.6334381103516,164.94726661599185,9.243779182434082,62.96249560158394,792.9994450613322
2011-11-23 06:00:00,,,,2011-08-31 12:00:00,LW,2011,108774.88925,235.3280706241019,-1.6660569832391294,0.09396071809095055,Local Watershed,174.5874835188852,1567.0379514785377,232.67764084897036,165.2699878969265,9.238894657464636,63.08021690136227,791.5062835987982
2012-03-08 00:00:00,,,,2011-11-23 00:00:00,R,2012,146608.8453671042,932.636044719835,-1.5764914176438063,-0.0695988547961487,Local Watershed,174.07277466461045,1532.2640844522596,237.89082632276123,148.81766498086716,8.196549739658986,57.78993597514858,899.8841661408948
2012-03-08 18:00:00,,,,2011-11-23 06:00:00,R,2012,147394.78501886793,935.128425845454,-1.5797332858944226,-0.07025932806197313,Local Watershed,174.07277466461045,1532.2640844522596,237.84737052817053,147.95565039210888,8.194066134647857,57.482688467502044,904.2788834420516
2012-06-16 00:00:00,225.8527984619141,7.903843879699707,12.71747320382548,2012-03-08 00:00:00,HW,2012,242333.8637,756.2192278641669,-2.121827371474566,0.0858602407994265,Local Watershed,174.07277466461045,1532.2640844522596,225.8527984619141,23.806893736948176,7.903843879699707,12.71747320382548,1542.015689773139
2012-06-16 00:00:00,,,,2012-03-08 18:00:00,HW,2012,242333.8637,756.2192278641669,-2.1218273714745655,0.0858602407994265,Local Watershed,174.07277466461045,1532.2640844522596,225.85279846191406,23.806893736948176,7.903843879699707,12.717473203825481,1542.015689773139
2012-09-16 00:00:00,215.9747009277344,7.944692611694336,8.83293162979944,2012-06-16 00:00:00,F,2012,208690.6603225806,268.8564112851343,-2.3195059246513186,0.0618275422089955,Local Watershed,174.07277466461045,1532.2640844522596,215.9747009277344,23.17317998152217,7.944692611694336,8.83293162979944,1545.135801675982
2012-12-16 00:00:00,229.2765655517578,10.23537540435791,53.78276550829314,2012-09-16 00:00:00,LW,2012,96449.8264826625,227.94383480561325,-2.005243679328052,0.4660494718977818,Local Watershed,174.07277466461045,1532.2640844522596,229.2765655517578,173.0432548091945,10.23537540435791,53.78276550829314,663.3043330533433
2012-12-16 06:00:00,,,,2012-09-16 00:00:00,LW,2012,96327.67116304347,229.48168287002804,-2.004145819628447,0.4652234145718563,Local Watershed,174.07277466461045,1532.2640844522596,229.3152339951725,173.2810722578009,10.239229814441313,53.864084653625106,661.7958275402356
2013-03-16 00:00:00,,,,2012-12-16 00:00:00,R,2013,146537.00228540058,1068.9440150114297,-1.8021124233832189,-0.3347463029958075,Local Watershed,181.15282094303,1538.51449106108,235.0592090602928,139.14717088709148,9.757440877335526,49.741294913298084,792.3737636202093
2013-03-16 18:00:00,,,,2012-12-16 06:00:00,R,2013,147393.59273333332,1074.0370077448079,-1.8033084885786843,-0.3379911602523073,Local Watershed,181.15282094303,1538.51449106108,235.04237134224238,138.19460541311815,9.74281746518901,49.50759376174904,797.3448183202339
2013-06-16 00:00:00,225.8527984619141,7.910932540893555,16.422054207093232,2013-03-16 00:00:00,HW,2013,234353.85217391304,1056.872762350603,-2.081082905614121,-0.1109400090334839,Local Watershed,181.15282094303,1538.51449106108,225.8527984619141,23.219416401137096,7.910932540893555,16.422054207093232,1444.078915213352
2013-06-16 00:00:00,,,,2013-03-16 18:00:00,HW,2013,234353.85217391304,1056.8727623506027,-2.081082905614121,-0.1109400090334839,Local Watershed,181.15282094303,1538.51449106108,225.85279846191406,23.21941640113709,7.910932540893555,16.422054207093232,1444.078915213352
2013-09-16 00:00:00,215.13650512695312,7.890129566192627,9.926590157055331,2013-06-16 00:00:00,F,2013,211249.61688172043,369.45637502634736,-1.7328863336497158,-0.272232503220172,Local Watershed,181.15282094303,1538.51449106108,215.13650512695312,19.970385098473027,7.890129566192627,9.926590157055331,1516.2127367789851
2013-12-16 00:00:00,232.88214111328125,9.389283180236816,41.33244155322564,2013-09-16 00:00:00,LW,2013,130489.32044664683,242.2135110408164,-1.5247230509961094,0.0411124555181861,Local Watershed,181.15282094303,1538.51449106108,232.88214111328125,75.23563962416996,9.389283180236816,41.33244155322564,1088.595262135832
2013-12-16 06:00:00,,,,2013-09-16 00:00:00,LW,2013,130402.11397826088,243.71868384882455,-1.525480738817634,0.04090176800186178,Local Watershed,181.15282094303,1538.51449106108,232.91899638783804,75.31956932960591,9.39147359568309,41.39027857521193,1087.9025795912287
2014-03-16 00:00:00,,,,2013-12-16 00:00:00,R,2014,168140.7178400984,1004.072220512905,-2.0434086211604465,-0.4093564834232844,Local Watershed,186.9202394168476,1464.212168872234,230.95010290478106,64.46437535839,8.982749761024959,37.95508267629701,1180.271957487134
2014-03-16 18:00:00,,,,2013-12-16 06:00:00,R,2014,168807.74711111106,1007.0264925331571,-2.0462721898284295,-0.41133741663081963,Local Watershed,186.9202394168476,1464.212168872234,230.84463906233646,64.1357528257666,8.9729539746471,37.77821325965998,1183.046304656394
2014-06-16 00:00:00,216.5937957763672,7.899100303649902,11.601760158263152,2014-03-16 00:00:00,HW,2014,242066.91836956525,718.3489020818402,-2.229013524971267,-0.2674439858721865,Local Watershed,186.9202394168476,1464.212168872234,216.5937957763672,21.10692854215242,7.899100303649902,11.601760158263152,1554.4139560685096
2014-06-16 00:00:00,,,,2014-03-16 18:00:00,HW,2014,242066.91836956525,718.3489020818403,-2.229013524971267,-0.2674439858721865,Local Watershed,186.9202394168476,1464.212168872234,216.5937957763672,21.106928542152417,7.899100303649902,11.601760158263152,1554.4139560685094
2014-09-16 00:00:00,215.13650512695312,8.12880802154541,8.158254087264071,2014-06-16 00:00:00,F,2014,226714.9174193548,298.297335592742,-2.8087372188630884,-0.2019301538542366,Local Watershed,186.9202394168476,1464.212168872234,215.13650512695312,20.594524761673625,8.12880802154541,8.158254087264071,1575.5705845280804
2014-12-24 00:00:00,231.14993286132807,8.699872016906738,50.8772730439277,2014-09-16 00:00:00,LW,2014,131919.33987999998,218.21076679845265,-2.2510706577780684,0.4326363899975122,Local Watershed,186.9202394168476,1464.212168872234,231.14993286132807,76.65548728280505,8.699872016906738,50.8772730439277,1018.5435616674932
2015-04-09 00:00:00,233.08302307128903,8.335250854492188,27.09406938505264,2014-12-24 00:00:00,R,2015,173131.46252336446,992.5624840956474,-2.0506304684283965,-0.3881785368015776,Local Watershed,197.73102540128008,1526.3494596576022,233.08302307128903,48.16251397973986,8.335250854492188,27.09406938505264,1124.9725785621931
2015-07-09 00:00:00,215.53692626953125,7.931506156921387,11.980723545805867,2015-04-09 00:00:00,HW,2015,240085.40490564535,583.9417772668761,-2.517296429154177,-0.2168255026204457,Local Watershed,197.73102540128008,1526.3494596576022,215.53692626953125,20.8135298662571,7.931506156921387,11.980723545805867,1545.6308381379104
2015-07-09 06:00:00,,,,2015-04-09 00:00:00,HW,2015,240161.88521739133,581.9912943039122,-2.5190595896751122,-0.21630313810755805,Local Watershed,197.73102540128008,1526.3494596576022,215.50690918399454,20.726798794530982,7.9310199419108285,11.938317315760047,1546.4584155309099
2015-09-23 00:00:00,215.9346923828125,8.107645988464355,8.684201356851975,2015-07-09 00:00:00,F,2015,215300.8712755003,85.39304520846953,-3.041548791055152,-0.1867154044269669,Local Watershed,197.73102540128008,1526.3494596576022,215.9346923828125,22.22056501035677,8.107645988464355,8.684201356851975,1544.5354306011834
2015-09-23 18:00:00,,,,2015-07-09 06:00:00,F,2015,214542.5642105263,82.2201259700647,-3.0457401070997276,-0.1854226898350127,Local Watershed,197.73102540128008,1526.3494596576022,216.0071560353281,22.90388525555065,8.11358192058325,8.920664477644054,1541.2673666535227
2015-12-24 00:00:00,228.90313720703125,8.829757690429688,69.42873807497533,2015-09-23 00:00:00,LW,2015,102593.98334519689,99.18727809991924,-3.1227379504342694,0.022861252607038,Local Watershed,197.73102540128008,1526.3494596576022,228.90313720703125,158.87795506691089,8.829757690429688,69.42873807497533,843.554311912262
2015-12-24 06:00:00,,,,2015-09-23 18:00:00,LW,2015,102400.74097826087,100.4213020346083,-3.1213202978122365,0.02242792035420189,Local Watershed,197.73102540128008,1526.3494596576022,228.94392473436255,159.1206834303904,8.82965481847876,69.59338079781917,841.5834733086759
2016-04-08 00:00:00,234.6958923339844,7.969209671020508,82.1043511235721,2015-12-24 00:00:00,R,2016,123447.18731642587,795.9454167405296,-2.216892803137629,-0.4928147361173954,Local Watershed,211.346449634342,1575.1868797662785,234.6958923339844,125.15940143376002,7.969209671020508,82.1043511235721,589.1910924295852
2016-04-08 18:00:00,,,,2015-12-24 06:00:00,R,2016,124081.82867924529,798.8816234322044,-2.2133915356428777,-0.4937334592195663,Local Watershed,211.346449634342,1575.1868797662785,234.572856839652,124.36956992414272,7.965770844743719,81.68416401201007,593.287423769832
2016-07-09 00:00:00,217.1455841064453,7.910932540893555,14.78168117164046,2016-04-08 00:00:00,HW,2016,193696.31394805573,651.6895205697627,-2.0478211565839683,-0.1909214066648542,Local Watershed,211.346449634342,1575.1868797662785,217.1455841064453,35.42401717849133,7.910932540893555,14.78168117164046,1376.4895053227092
2016-07-09 06:00:00,,,,2016-04-08 18:00:00,HW,2016,193775.9915217391,650.0193326897115,-2.0465282422418745,-0.1900470192537471,Local Watershed,211.346449634342,1575.1868797662785,217.15409236287155,35.25658553704375,7.9096218786496015,14.68612453333727,1378.0176286511205
2016-09-23 00:00:00,232.20144653320312,8.030111312866211,21.175725265852908,2016-07-09 00:00:00,F,2016,171072.723629017,136.58462704371044,-1.5223334741174983,0.0044718651689047,Local Watershed,211.346449634342,1575.1868797662785,232.20144653320312,46.6463657193834,8.030111312866211,21.175725265852908,1371.3904525231485
2016-09-23 18:00:00,,,,2016-07-09 06:00:00,F,2016,170418.69815789472,134.28409758295817,-1.5204705677062045,0.007578013019406338,Local Watershed,211.346449634342,1575.1868797662785,232.3010092559816,47.66740543705347,8.04993880306957,21.401677394295344,1366.9635582810465
2016-12-16 00:00:00,230.12384033203125,10.83965301513672,45.93282253268141,2016-09-23 00:00:00,LW,2016,98742.37027796115,437.5913603089676,-1.747494410399856,0.2277701336353461,Local Watershed,211.346449634342,1575.1868797662785,230.12384033203125,181.29711706243077,10.83965301513672,45.93282253268141,785.3439559297509
2016-12-16 06:00:00,,,,2016-09-23 18:00:00,LW,2016,98678.07095238096,439.8113250333792,-1.7479120443744103,0.22659732165096816,Local Watershed,211.346449634342,1575.1868797662785,230.11784006848214,181.3884243352464,10.840030594052365,46.0124436539029,784.5249528554525
2017-03-16 00:00:00,234.99539184570312,7.932968616485596,59.74952736076551,2016-12-16 00:00:00,R,2017,155581.4598255002,1113.3884326778275,-1.6314198303277876,-0.5772673096383804,Local Watershed,219.2791704031104,1521.0721314362222,234.99539184570312,75.39275313291316,7.932968616485596,59.74952736076551,1028.185051736889
2017-03-16 18:00:00,,,,2016-12-16 06:00:00,R,2017,156427.25088888887,1113.8129995075753,-1.6318415542903832,-0.5797311990658904,Local Watershed,219.2791704031104,1521.0721314362222,235.0239686655257,74.37531717384901,7.914983254751841,59.57021197754418,1032.39428553248
2017-06-08 00:00:00,230.10487365722656,7.902323246002197,16.840143148732615,2017-03-16 00:00:00,HW,2017,232702.1156603888,613.5850078825523,-1.9394291414132667,-0.3170853198900938,Local Watershed,219.2791704031104,1521.0721314362222,230.10487365722656,21.08413163515585,7.902323246002197,16.840143148732615,1435.6735694823274
2017-06-08 06:00:00,,,,2017-03-16 18:00:00,HW,2017,232803.96285714288,611.6656103469661,-1.9403887225085046,-0.3166461714674399,Local Watershed,219.2791704031104,1521.0721314362222,230.06703550840044,21.009174749697166,7.902605767846896,16.716665078661553,1436.5427992947234
2017-08-23 00:00:00,219.57666015625,7.913033962249756,9.019183608098688,2017-06-08 00:00:00,F,2017,212762.70775868912,197.2201486763723,-2.113030436204949,-0.3893833943084021,Local Watershed,219.2791704031104,1521.0721314362222,219.57666015625,20.397643848923455,7.913033962249756,9.019183608098688,1484.8317434647183
2017-08-23 18:00:00,,,,2017-06-08 06:00:00,F,2017,212104.03763157892,194.29711889212456,-2.114302247273437,-0.3879377553883882,Local Watershed,219.2791704031104,1521.0721314362222,219.5531247030414,20.851513013589724,7.926010610712849,9.32489923163658,1482.3658705592384
2017-11-30 00:00:00,230.8618621826172,10.828718185424805,74.30866689924513,2017-08-23 00:00:00,LW,2017,112344.65145467373,100.0156984084432,-2.1796599070963487,0.1291245636708278,Local Watershed,219.2791704031104,1521.0721314362222,230.8618621826172,116.49428816132595,10.828718185424805,74.30866689924513,925.7556352319948
2017-11-30 18:00:00,,,,2017-08-23 18:00:00,LW,2017,111921.66828282828,102.78885531323967,-2.178243709558871,0.12993763241661455,Local Watershed,219.2791704031104,1521.0721314362222,230.9746273238441,116.87846420211135,10.835347563682504,74.5826404966185,922.7630296112712
2018-04-01 00:00:00,233.90911865234372,8.198188781738281,45.113221161304274,2017-11-30 00:00:00,R,2018,151697.58923195943,936.8978517736986,-1.6884562976563449,-0.5234213975151072,Local Watershed,221.8293284103765,1548.6928571787523,233.90911865234372,69.07357087570405,8.198188781738281,45.113221161304274,1034.2298070811123
2018-04-01 06:00:00,,,,2017-11-30 18:00:00,R,2018,151903.33204918032,938.2619932656891,-1.6876126534966314,-0.5244635319325969,Local Watershed,221.8293284103765,1548.6928571787523,233.87493304489286,68.91327111740569,8.19371963041338,45.00490526167877,1035.176890874376
2018-07-09 00:00:00,215.76361083984372,7.890129566192627,12.99080951799706,2018-04-01 00:00:00,HW,2018,216504.26185647186,886.8599647565603,-1.7166289675191242,-0.4577239851300849,Local Watershed,221.8293284103765,1548.6928571787523,215.76361083984372,21.48999678798742,7.890129566192627,12.99080951799706,1405.9776058565549
2018-07-09 06:00:00,,,,2018-04-01 06:00:00,HW,2018,216561.9463636364,884.956824279043,-1.717835164435214,-0.45692700850131923,Local Watershed,221.8293284103765,1548.6928571787523,215.73433203788892,21.368486755234414,7.889050117107259,12.919243416747081,1406.7225509173247
2018-09-23 00:00:00,216.3997344970703,7.872185707092285,8.426675570578883,2018-07-09 00:00:00,F,2018,193258.23578697513,198.1408222608496,-2.170525450276802,-0.2255423331689683,Local Watershed,221.8293284103765,1548.6928571787523,216.3997344970703,18.703375721484843,7.872185707092285,8.426675570578883,1410.7555461079207
2018-09-23 18:00:00,,,,2018-07-09 06:00:00,F,2018,192607.3986842105,193.91982230562678,-2.1736093799483194,-0.22356851843721667,Local Watershed,221.8293284103765,1548.6928571787523,216.49296946799913,19.45978226887784,7.888234328444897,8.745005992818939,1407.244342028126
2018-12-24 00:00:00,231.6390380859375,10.828718185424805,67.44808530432398,2018-09-23 00:00:00,LW,2018,111887.20304347824,355.98156476436884,-2.200649060446867,-0.1747317770789676,Local Watershed,221.8293284103765,1548.6928571787523,231.6390380859375,153.89352593967072,10.828718185424805,67.44808530432398,825.515596555666
2018-12-24 00:00:00,,,,2018-09-23 18:00:00,LW,2018,111887.20304347824,355.98156476436884,-2.200649060446867,-0.1747317770789676,Local Watershed,221.8293284103765,1548.6928571787523,231.6390380859375,153.89352593967075,10.828718185424805,67.44808530432398,825.515596555666
2019-04-09 00:00:00,231.5760803222656,8.171492576599121,23.514904056990535,2018-12-24 00:00:00,R,2019,186162.61560747665,998.4165081440564,-2.102817153448328,-0.5388208015844927,Local Watershed,214.5031492517284,1514.696563246411,231.5760803222656,50.53650934202023,8.171492576599121,23.514904056990535,1247.3247343956157
2019-07-09 00:00:00,220.10504150390625,7.871316909790039,12.72959062012358,2019-04-09 00:00:00,HW,2019,237273.9592252355,669.4696067600584,-2.221583979670104,-0.2530688108391124,Local Watershed,214.5031492517284,1514.696563246411,220.10504150390625,18.846144772963903,7.871316909790039,12.72959062012358,1399.7703880919507
2019-07-09 06:00:00,,,,2019-04-09 00:00:00,HW,2019,237289.61054347828,667.3689119013634,-2.2221134300110084,-0.25279980653059486,Local Watershed,214.5031492517284,1514.696563246411,220.0832811634507,18.81263650459555,7.871356235253148,12.702856277326491,1400.229197983702
2019-09-23 00:00:00,220.7078399658203,7.932968616485596,8.625177551094962,2019-07-09 00:00:00,F,2019,204588.60939899812,80.08234155017324,-2.235029093560825,-0.2707872100452224,Local Watershed,214.5031492517284,1514.696563246411,220.7078399658203,18.186829049774648,7.932968616485596,8.625177551094962,1471.4185641036038
2019-09-23 18:00:00,,,,2019-07-09 06:00:00,F,2019,203887.6747368421,77.7515610498742,-2.2318790983052077,-0.2686839835244951,Local Watershed,214.5031492517284,1514.696563246411,220.79735583248493,18.53118283061524,7.941937667835569,8.829709506280185,1469.0408366867866
2019-12-24 00:00:00,234.16091918945312,9.532992362976074,51.145076982306975,2019-09-23 00:00:00,LW,2019,118504.67653484303,397.41710120630745,-1.5791922161461187,0.1239434098225378,Local Watershed,214.5031492517284,1514.696563246411,234.16091918945312,84.63590970783298,9.532992362976074,51.145076982306975,951.6931587099024
2019-12-24 06:00:00,,,,2019-09-23 18:00:00,LW,2019,118425.07945652172,399.0296884473404,-1.5779403079817675,0.12358885180940173,Local Watershed,214.5031492517284,1514.696563246411,234.17350302723892,84.71049240570582,9.53370468916018,51.17922987318603,951.1916058571563
2020-04-08 00:00:00,229.1150360107422,7.932968616485596,16.887689000789898,2019-12-24 00:00:00,R,2020,176915.46662128167,933.026617406254,-1.6005407916260497,-0.5413098348513904,Local Watershed,202.9056439165413,1559.9412489859835,229.1150360107422,44.4127562664043,7.932968616485596,16.887689000789898,1322.433629127874
2020-04-08 18:00:00,,,,2019-12-24 06:00:00,R,2020,177562.87801886792,935.2516611311598,-1.6023106155193538,-0.5421248440908366,Local Watershed,202.9056439165413,1559.9412489859835,229.121621258666,44.071277694504175,7.924571543807073,16.68253313638217,1324.8675601536697
2020-07-09 00:00:00,230.7622833251953,7.929745674133301,10.808303292867109,2020-04-08 00:00:00,HW,2020,225229.31829799502,808.0849185867289,-1.841290033798958,-0.1388798156003427,Local Watershed,202.9056439165413,1559.9412489859835,230.7622833251953,17.942366944557516,7.929745674133301,10.808303292867109,1388.907347926223
2020-07-09 06:00:00,,,,2020-04-08 18:00:00,HW,2020,225245.25999999995,806.1609423726115,-1.8422663211311514,-0.13827674266556608,Local Watershed,202.9056439165413,1559.9412489859835,230.72661711009684,17.842582565260674,7.929872611110975,10.777128882035292,1389.0987177355703
2020-09-23 00:00:00,216.53858947753903,7.871316909790039,8.31043875129607,2020-07-09 00:00:00,F,2020,188032.54352834166,104.30575299297844,-2.0969319527959893,-0.2308095008240676,Local Watershed,202.9056439165413,1559.9412489859835,216.53858947753903,19.25298214307352,7.871316909790039,8.31043875129607,1386.7318863410776
2020-09-23 18:00:00,,,,2020-07-09 06:00:00,F,2020,187187.29960526316,100.18035839805466,-2.0971786777929684,-0.23130525557241516,Local Watershed,202.9056439165413,1559.9412489859835,216.5375806876514,20.1456748755051,7.8751986910405805,8.630676730448368,1383.8472236962207
2020-12-16 00:00:00,234.1347503662109,8.762274742126465,65.34488461086109,2020-09-23 00:00:00,LW,2020,94418.64739706928,300.1004569539237,-1.81702592966006,-0.1780899094237769,Local Watershed,202.9056439165413,1559.9412489859835,234.1347503662109,156.80679926680426,8.762274742126465,65.34488461086109,870.9230101919843
2020-12-16 06:00:00,,,,2020-09-23 18:00:00,LW,2020,94345.15273809525,302.17826598236854,-1.815835949447825,-0.17855637458474513,Local Watershed,202.9056439165413,1559.9412489859835,234.18134302931225,156.92380910904646,8.764121185797464,65.41926495382889,870.0693801755395
2021-03-16 00:00:00,233.83187866210935,8.58413314819336,37.88091579639914,2020-12-16 00:00:00,R,2021,165210.99064789666,992.8994518998088,-1.5291057701904949,-0.5114259273955855,Local Watershed,196.5952293919595,1521.152453573923,233.83187866210935,59.25633343665595,8.58413314819336,37.88091579639914,1062.2312164942164
2021-03-16 18:00:00,,,,2020-12-16 06:00:00,R,2021,166110.93611111114,994.4772611249044,-1.52838297734667,-0.5118898907626291,Local Watershed,196.5952293919595,1521.152453573923,233.75203297401075,58.35172851125707,8.57811695328896,37.56285930485321,1065.9299350702518
2021-06-16 00:00:00,222.3549041748047,7.887654781341553,16.353005037037025,2021-03-16 00:00:00,HW,2021,243548.75597826086,615.4400846498276,-1.5752554975287774,-0.2684109553599444,Local Watershed,196.5952293919595,1521.152453573923,222.3549041748047,20.479828467574123,7.887654781341553,16.353005037037025,1476.582541807496
2021-06-16 00:00:00,,,,2021-03-16 18:00:00,HW,2021,243548.7559782609,615.4400846498274,-1.5752554975287774,-0.2684109553599444,Local Watershed,196.5952293919595,1521.152453573923,222.35490417480466,20.479828467574123,7.887654781341551,16.353005037037022,1476.582541807496
2021-09-16 00:00:00,215.6035919189453,7.871316909790039,8.016662467637367,2021-06-16 00:00:00,F,2021,225755.5648387097,282.9943516778372,-1.5089091109412582,-0.3555428733888868,Local Watershed,196.5952293919595,1521.152453573923,215.6035919189453,18.737271808559303,7.871316909790039,8.016662467637367,1540.6992103579562
2021-12-16 00:00:00,233.2685546875,8.109652519226074,52.2862017105925,2021-09-16 00:00:00,LW,2021,133237.03773855593,453.2952012206303,-1.3569719117040846,-0.176001247791668,Local Watershed,196.5952293919595,1521.152453573923,233.2685546875,86.126608245818,8.109652519226074,52.2862017105925,1067.8467128055493
2021-12-16 06:00:00,,,,2021-09-16 00:00:00,LW,2021,133151.3412826087,454.6725181848673,-1.3569350800716593,-0.17640887505713415,Local Watershed,196.5952293919595,1521.152453573923,233.3009305216535,86.19769613513523,8.111681447492664,52.31465200124931,1067.289880885522
2022-03-16 00:00:00,229.90956115722656,8.823901176452637,23.875605210957566,2021-12-16 00:00:00,R,2022,182652.68106729895,1039.0601781372068,-1.4169729151046797,-0.5351466364174139,Local Watershed,195.54185314466775,1451.598098128159,229.90956115722656,54.608522592417,8.823901176452637,23.875605210957566,1266.3716786458226
2022-03-16 18:00:00,,,,2021-12-16 06:00:00,R,2022,183340.71655555555,1042.2959629739858,-1.416607615968684,-0.535534780952668,Local Watershed,195.54185314466775,1451.598098128159,229.79838055484618,54.23440390747033,8.822733286047853,23.66356106658755,1269.235712905751
2022-06-16 00:00:00,215.43914794921875,7.890657424926758,15.926302581926713,2022-03-16 00:00:00,HW,2022,244117.01184782613,942.8514786836688,-1.4968315859610228,-0.2516470062857532,Local Watershed,195.54185314466775,1451.598098128159,215.43914794921875,22.29036628247307,7.890657424926758,15.926302581926713,1546.8258473515014
2022-06-16 00:00:00,,,,2022-03-16 18:00:00,HW,2022,244117.01184782613,942.8514786836689,-1.496831585961023,-0.2516470062857532,Local Watershed,195.54185314466775,1451.598098128159,215.43914794921875,22.290366282473073,7.890657424926758,15.926302581926716,1546.8258473515014
2022-09-16 00:00:00,215.13650512695312,7.912693023681641,6.877647074631695,2022-06-16 00:00:00,F,2022,220799.00795698923,202.00701688806453,-2.1790587698385857,-0.4084796456026258,Local Watershed,195.54185314466775,1451.598098128159,215.13650512695312,17.000594966454305,7.912693023681641,6.877647074631695,1538.3428613469405
2022-12-16 00:00:00,234.8497314453125,8.382858276367188,72.70486163366978,2022-09-16 00:00:00,LW,2022,112013.47840082666,216.0170399181865,-1.3839152252718037,-0.1823008850446045,Local Watershed,195.54185314466775,1451.598098128159,234.8497314453125,119.85448831793644,8.382858276367188,72.70486163366978,842.9505331267965
2022-12-16 06:00:00,,,,2022-09-16 00:00:00,LW,2022,111867.99929347826,217.6699823991155,-1.382599979203331,-0.18248250591081194,Local Watershed,195.54185314466775,1451.598098128159,234.8881629076528,119.91280657908737,8.382642421299964,72.74463720722738,842.302730184354
2023-03-16 00:00:00,233.82449340820312,7.894221305847168,26.29336946422137,2022-12-16 00:00:00,R,2023,146906.25776208975,927.0539593489352,-1.6112812487677102,-0.4821690308328852,Local Watershed,199.57046044111289,1626.9065670491184,233.82449340820312,49.253655078821154,7.894221305847168,26.29336946422137,1176.8004705409487
2023-03-16 18:00:00,,,,2022-12-16 06:00:00,R,2023,147621.67884444442,929.8559056844349,-1.6143325124623635,-0.4823663804795532,Local Watershed,199.57046044111289,1626.9065670491184,233.70694920563844,48.66888884171073,7.891256637447821,25.906886519302272,1180.2805563217216
2023-06-16 00:00:00,215.8895568847656,7.863780498504639,12.934526438368763,2023-03-16 00:00:00,HW,2023,223591.46097826085,643.1738035502359,-1.895915110709869,-0.1592939325013794,Local Watershed,199.57046044111289,1626.9065670491184,215.8895568847656,22.039037825493267,7.863780498504639,12.934526438368763,1381.9801043063344
2023-06-16 00:00:00,,,,2023-03-16 18:00:00,HW,2023,223591.46097826087,643.1738035502359,-1.8959151107098688,-0.15929393250137944,Local Watershed,199.57046044111289,1626.9065670491184,215.8895568847656,22.039037825493267,7.863780498504639,12.934526438368763,1381.9801043063344
2023-09-16 00:00:00,215.53128051757807,7.912693023681641,8.845389232534107,2023-06-16 00:00:00,F,2023,192864.37516129029,64.59318322196552,-2.615974780615878,-0.1413830454843854,Local Watershed,199.57046044111289,1626.9065670491184,215.53128051757807,24.62412453309287,7.912693023681641,8.845389232534107,1398.101162033911
2023-12-16 00:00:00,233.40277099609372,8.689016342163086,56.53101428781168,2023-09-16 00:00:00,LW,2023,74882.28980391602,164.9735926826986,-2.627760793200258,0.1404562465471896,Local Watershed,199.57046044111289,1626.9065670491184,233.40277099609372,187.4144033857236,8.689016342163086,56.53101428781168,629.2155556177454
2023-12-16 12:00:00,,,,2023-09-16 00:00:00,LW,2023,74637.51647826086,167.12762899534772,-2.626114370216479,0.14038591615949852,Local Watershed,199.57046044111289,1626.9065670491184,233.46580336227422,187.54952523207717,8.689239573202743,56.77175654837177,625.4488631555885
2024-03-16 00:00:00,234.7411193847656,8.0036039352417,64.34623820173749,2023-12-16 00:00:00,R,2024,127004.75215053168,734.9022150887736,-2.205439295649077,-0.2111775266564336,Local Watershed,224.67815086609056,1674.6484896529107,234.7411193847656,63.839445589019306,8.0036039352417,64.34623820173749,502.0934811031543
2024-03-16 12:00:00,,,,2023-12-16 12:00:00,R,2024,127509.1594175824,738.9377245297985,-2.2025827569114154,-0.21307564321106962,Local Watershed,224.67815086609056,1674.6484896529107,234.72871051291477,63.221011491118,8.000630933723757,64.16313041442505,504.8693530792471
2024-06-08 00:00:00,230.60055541992188,7.937634468078613,18.75398378062776,2024-03-16 00:00:00,HW,2024,190764.33180176077,1053.8292431761054,-1.9188090207340311,-0.3503345937431042,Local Watershed,224.67815086609056,1674.6484896529107,230.60055541992188,36.91455715854969,7.937634468078613,18.75398378062776,1201.4655337144818
2024-06-08 06:00:00,,,,2024-03-16 12:00:00,HW,2024,190876.06,1052.2573189077284,-1.9192902147009914,-0.35055925077618877,Local Watershed,224.67815086609056,1674.6484896529107,230.56837829424782,36.866001849476056,7.937477918202431,18.644596462637946,1203.1859915395696
2024-08-23 00:00:00,220.76698303222656,7.932968616485596,12.795185179592591,2024-06-08 00:00:00,F,2024,183466.79922136146,104.67731675437996,-2.373737991031875,-0.3487596928144355,Local Watershed,224.67815086609056,1674.6484896529107,220.76698303222656,33.65859372973586,7.932968616485596,12.795185179592591,1310.0405522977385
2024-08-23 18:00:00,,,,2024-06-08 06:00:00,F,2024,182822.2311842105,96.73930324027566,-2.3786842289060965,-0.3469042437678136,Local Watershed,224.67815086609056,1674.6484896529107,220.76084001851092,34.31740431223113,7.937132745467202,13.016737695512573,1306.7092330013345
2024-11-23 00:00:00,234.0022125244141,8.711090087890625,63.96441306816552,2024-08-23 00:00:00,LW,2024,74561.51482608696,95.1682957612141,-2.4967538324517786,-0.0123549296549693,Local Watershed,224.67815086609056,1674.6484896529107,234.0022125244141,178.7872462154001,8.711090087890625,63.96441306816552,561.8825277237233
2024-11-23 00:00:00,,,,2024-08-23 18:00:00,LW,2024,74561.51482608696,95.16829576121407,-2.4967538324517786,-0.012354929654969288,Local Watershed,224.67815086609056,1674.6484896529107,234.00221252441412,178.7872462154001,8.711090087890627,63.96441306816552,561.8825277237233
2025-03-09 00:00:00,235.1419677734375,7.947256565093994,86.05765275271357,2024-11-23 00:00:00,R,2025,124708.11024299066,1205.653605429058,-1.683873036230058,-0.2517200327475072,Local Watershed,224.67815086609056,1674.6484896529107,235.1419677734375,126.39718564480066,7.947256565093994,86.05765275271357,368.46327097384574
2025-06-09 00:00:00,215.3931427001953,7.871316909790039,13.777758372620603,2025-03-09 00:00:00,HW,2025,223941.2921505376,837.9436838095171,-2.2273152393874738,-0.3436417381883023,Local Watershed,224.67815086609056,1674.6484896529107,215.3931427001953,21.700120720468718,7.871316909790039,13.777758372620603,1303.1411332515793
2025-09-09 00:00:00,215.30111694335935,7.920571804046631,11.239460743926765,2025-06-09 00:00:00,F,2025,231944.08471698116,268.5585195811858,-2.3563427910929144,-0.2044066069501846,Local Watershed,224.67815086609056,1674.6484896529107,215.30111694335935,20.144170131480102,7.920571804046631,11.239460743926765,1433.6633269843169
2025-12-09 00:00:00,231.28485107421875,8.2548828125,27.91647102162067,2025-09-09 00:00:00,LW,2025,,218.50484744287272,-2.0754933729906098,0.1435913338040658,Local Watershed,224.67815086609056,1674.6484896529107,231.28485107421875,58.66948157917224,8.2548828125,27.91647102162067,1112.8316988104175
2026-01-01 00:00:00,,,,2025-12-09 00:00:00,R,2025,,90.8929695259668,,,Local Watershed,224.67815086609056,1674.6484896529107,,,,,
