,TSS_max,TSS_mean,TSS_min,TSS_stdDev,area_km2,band_count,time_finish,time_start,water_period,year,mean_discharge,mean_loc_chirps,u_wind_loc,v_wind_loc,watershed,anthropogenic_km2,natural_km2
0,231.3883514404297,48.81200034423448,8.646607398986816,27.405530067776343,1043.4040130082576,6.0,1985-04-09,1984-12-24,R,1984,169528.4064747475,1051.1171256580344,-1.8039576920909812,-0.4692499481064776,Local Watershed,,
1,230.7235412597656,26.369014805470904,7.906408309936523,18.243428217787784,1091.495113033965,6.0,1985-07-09,1985-04-09,HW,1985,,578.6345864837322,-2.042476098972741,-0.0871503936438335,Local Watershed,48.89779975640928,1838.0006815653287
3,233.25125122070312,36.78800539586648,8.202881813049316,24.029145391972637,885.7687563203566,6.0,1985-09-23,1985-07-09,F,1985,,125.4308027954217,-1.7111385343116703,-0.1832498161210826,Local Watershed,48.89779975640928,1838.0006815653287
5,234.16390991210935,59.01813118102388,10.828718185424805,48.52975603549047,981.618495408303,6.0,1985-12-16,1985-09-23,LW,1985,,411.5075007853583,-1.3640438345433308,-0.0941739116742522,Local Watershed,48.89779975640928,1838.0006815653287
11,231.4406280517578,20.104852677257384,8.064193725585938,22.183980188807816,1131.200198435967,6.0,1986-08-23,1986-06-08,F,1986,,102.24748103229544,-2.1719074931816253,0.1597006353275995,Local Watershed,49.87707703699259,1865.9027929113597
13,235.26026916503903,62.35286149300119,9.72849941253662,37.27832269527416,1005.1201743133836,6.0,1986-11-23,1986-08-23,LW,1986,,169.50533214867326,-1.565426432221988,0.3899023552021343,Local Watershed,49.87707703699259,1865.9027929113597
15,234.9059600830078,83.8672426419026,8.897278785705566,51.69661408875029,1123.628482739126,6.0,1987-03-09,1986-11-23,R,1986,158009.5498130841,626.0838002442297,-2.106703772913284,-0.2846130491228384,Local Watershed,49.87707703699259,1865.9027929113597
16,225.5315704345703,29.08171126097072,7.940857887268066,17.1588946001983,1099.7573845232237,6.0,1987-06-16,1987-03-09,HW,1987,206814.66490000003,887.4989492460719,-2.314731552676493,0.0548915344761877,Local Watershed,91.98152777923391,1809.6351550263332
17,216.6991271972656,24.73253608296235,8.064339637756348,11.955821896852694,1117.0366889115155,6.0,1987-09-16,1987-06-16,F,1987,177037.43752688172,190.9102493385106,-1.6482889272448678,0.085193692616648,Local Watershed,91.98152777923391,1809.6351550263332
18,235.0611724853516,213.2241006202755,10.753714561462402,33.56270705957812,771.1163744453232,6.0,1987-12-24,1987-09-16,LW,1987,,146.97776815408722,-1.5640591757968985,0.46087120734791,Local Watershed,91.98152777923391,1809.6351550263332
20,233.43524169921875,50.6198488780627,8.056079864501953,28.00777125213219,1165.7344021144722,6.0,1988-04-08,1987-12-24,R,1987,,944.8562431763024,-1.8644513400143703,-0.2691946638508843,Local Watershed,91.98152777923391,1809.6351550263332
24,233.7978973388672,38.91258997157194,8.149343490600586,34.865512016620094,957.0126195650644,6.0,1988-08-31,1988-07-01,F,1988,,178.36105474161403,-1.5008538290789728,-0.4421030107651749,Local Watershed,93.98419634021784,1759.578979844577
26,235.2598876953125,68.53275155911459,8.307052612304688,49.26676874299991,995.0773007545752,6.0,1988-11-30,1988-08-31,LW,1988,,247.5021237140677,-1.4742016061881904,0.1621211171727168,Local Watershed,93.98419634021784,1759.578979844577
28,235.20639038085935,99.10875760553472,8.65372371673584,66.66660206615157,870.9216910792363,6.0,1989-04-01,1988-11-30,R,1988,,1260.5653135398925,-1.402349650446596,-0.5845063128391399,Local Watershed,93.98419634021784,1759.578979844577
32,231.0474853515625,29.21715756621701,7.932968616485596,15.886247268259568,1368.0606732417646,6.0,1989-11-08,1989-07-24,F,1989,,232.73910516574963,-1.849164868295042,0.1026030251698532,Local Watershed,69.07133034756455,1691.7605305189825
34,234.1838531494141,153.8277524880621,10.83965301513672,57.725672020115546,1011.4004320410482,6.0,1990-01-31,1989-11-08,LW,1989,,424.26371537884353,-1.7216822121557107,-0.2824903207731126,Local Watershed,69.07133034756455,1691.7605305189825
36,234.993408203125,93.5815120849053,8.22611141204834,54.03505219957476,1337.4237727078732,6.0,1990-04-01,1990-01-31,R,1990,170633.40237704918,637.7993680099855,-2.0153600104913605,-0.4938582024695412,Local Watershed,69.8748712639179,1691.5570553149555
37,228.72576904296875,37.58815552403891,7.931285858154297,22.99793325154,1334.5062657957635,6.0,1990-06-16,1990-04-01,HW,1990,211205.8155844156,508.0735303359165,-2.1788762690783043,-0.0070966105479469,Local Watershed,69.8748712639179,1691.5570553149555
38,228.5950164794922,22.21190690900676,7.940857887268066,16.523187432068035,1250.4614619488846,6.0,1990-09-16,1990-06-16,F,1990,193947.48268817205,234.2211763329515,-2.147337004899672,0.239854726388293,Local Watershed,69.8748712639179,1691.5570553149555
39,235.23265075683597,142.9060334159425,8.863408088684082,63.89988212376158,965.4021193929306,6.0,1990-12-24,1990-09-16,LW,1990,105842.16502,251.83872588290043,-2.2685220308440366,0.3043020534954668,Local Watershed,69.8748712639179,1691.5570553149555
40,230.45054626464844,45.13037117938286,8.197819709777832,20.526760039632823,1164.274376579738,6.0,1991-04-09,1990-12-24,R,1990,166458.51476635513,1089.1775796142272,-2.2006061911409738,-0.4761304100562438,Local Watershed,69.8748712639179,1691.5570553149555
43,232.37664794921875,169.1398788761993,8.927762985229492,39.03634045178261,209.0019331996415,6.0,1991-09-23,1991-07-09,F,1991,,111.91914224606596,-2.6268393759465187,-0.0294097108386043,Local Watershed,81.8951592810555,1700.1484038461754
45,233.8366241455078,213.59236229586023,10.924068450927734,30.63407684029372,938.5822128456324,6.0,1991-12-16,1991-09-23,LW,1991,,77.92163198583732,-2.38745113839,0.2629269832832651,Local Watershed,81.8951592810555,1700.1484038461754
47,235.1419677734375,204.37893503573045,10.519024848937988,39.48268606535243,639.0535037526678,6.0,1992-03-16,1991-12-16,R,1991,,361.0570557550608,-2.264096860695875,-0.108223717193063,Local Watershed,81.8951592810555,1700.1484038461754
49,232.68995666503903,47.7888439045139,8.869485855102539,26.18298954366101,1191.8973838925665,6.0,1992-06-16,1992-03-16,HW,1992,,565.6060199632634,-2.8701618807375366,0.0631385584443943,Local Watershed,123.40737434880305,1750.0706503480558
51,234.5397491455078,52.453124731165865,8.847450256347656,22.530368428283904,1203.4394678567296,6.0,1992-09-16,1992-06-16,F,1992,145260.90733333334,106.05769972442712,-2.4859586831130485,0.3231007011973135,Local Watershed,123.40737434880305,1750.0706503480558
52,234.3448486328125,208.28320143052684,10.83965301513672,40.6355874966359,852.8604312877341,6.0,1992-12-16,1992-09-16,LW,1992,,157.18773842962142,-2.225155325301693,0.1840060244773916,Local Watershed,123.40737434880305,1750.0706503480558
54,234.30596923828125,89.19132674183692,10.001495361328123,52.85517588732574,1061.55817848616,6.0,1993-03-16,1992-12-16,R,1992,,768.1947781437109,-1.9297973469350265,-0.2525988396210725,Local Watershed,123.40737434880305,1750.0706503480558
56,231.26535034179688,29.047976631629133,8.025285720825195,18.81849876847554,1401.1877576530658,6.0,1993-06-16,1993-03-16,HW,1993,,739.5338352314266,-2.3736645691773117,-0.0085263920766988,Local Watershed,152.38432948164512,1598.2058671145326
58,225.4464569091797,27.185564738505125,8.226080894470215,15.196567632079546,1422.279251049122,6.0,1993-09-16,1993-06-16,F,1993,195011.9162365592,213.64504077625384,-1.6132872538403924,0.2882444825540197,Local Watershed,152.38432948164512,1598.2058671145326
61,228.5950164794922,17.250906322411925,7.912693023681641,13.951841429929782,1343.0780762036547,6.0,1994-07-09,1994-04-09,HW,1994,,590.4538658707265,-2.476909779571379,0.1163920344724098,Local Watershed,160.9196186754328,1658.0101591578098
63,225.48080444335935,28.85259296689093,8.111077308654785,31.73583045184791,924.4623171067302,6.0,1994-09-23,1994-07-09,F,1994,,160.82512658443375,-2.211091525835823,0.075806676194873,Local Watershed,160.9196186754328,1658.0101591578098
65,234.2882080078125,69.32361071351092,10.83965301513672,46.99912155316064,1086.9980963252626,6.0,1994-12-24,1994-09-23,LW,1994,,294.6132804103089,-1.814034112028788,0.0871736484662394,Local Watershed,160.9196186754328,1658.0101591578098
67,234.5489654541016,68.10189743027261,8.088418006896973,40.84836732664599,1135.25286697474,6.0,1995-04-09,1994-12-24,R,1994,152476.3165140187,857.2662097366281,-2.1679988553558758,-0.1801214365043792,Local Watershed,160.9196186754328,1658.0101591578098
70,226.2079162597656,29.810546101164725,7.940846920013428,25.01008547476604,1212.2644456217731,6.0,1995-08-31,1995-07-01,F,1995,,83.88397142844458,-2.213986151573652,-0.2638149787483365,Local Watershed,168.5598521550713,1707.3068129927476
74,234.38548278808597,158.83806872727138,10.306994438171388,68.43440119823256,487.1323649525229,6.0,1996-03-08,1995-11-23,R,1995,,967.6149329568476,-1.4149705471171174,-0.3079444129141042,Local Watershed,168.5598521550713,1707.3068129927476
76,231.0649871826172,24.01021126030625,7.910932540893555,18.859751138063,1105.5878839468303,6.0,1996-06-16,1996-03-08,HW,1996,,1056.6831143764666,-1.5281093748946626,-0.1294219195224986,Local Watershed,179.69730382988132,1663.873690096145
78,233.1214599609375,32.388203282985714,8.006062507629395,19.59183935924248,1271.512035034952,6.0,1996-09-16,1996-06-16,F,1996,199925.8369892473,277.66966442083094,-1.931101794096626,0.0292592919815299,Local Watershed,179.69730382988132,1663.873690096145
79,235.1846160888672,196.886969535939,9.011154174804688,52.19696921409462,894.626597050151,6.0,1996-12-16,1996-09-16,LW,1996,,204.28563349637503,-1.9472641213066064,0.4399426928904141,Local Watershed,179.69730382988132,1663.873690096145
83,230.02052307128903,16.229499160806224,7.890129566192627,9.00393071477684,1271.9366898558246,6.0,1997-06-16,1997-03-16,HW,1997,,493.7732917301546,-2.578230407615867,-0.0541708078208006,Local Watershed,181.8114231081988,1638.719563273478
85,215.64157104492188,20.31110603763128,7.925432205200195,12.573516795861511,1394.4259217378697,6.0,1997-09-16,1997-06-16,F,1997,190923.81870967743,117.78563411693104,-2.870506237335249,-0.0112029725104017,Local Watershed,181.8114231081988,1638.719563273478
86,231.7582855224609,201.87690817595268,10.005043983459473,42.61930658568436,701.9213948230902,6.0,1997-12-24,1997-09-16,LW,1997,83465.56137000001,145.7472069694762,-2.580495630401574,0.0029141186973393,Local Watershed,181.8114231081988,1638.719563273478
90,229.26873779296875,50.38511227196604,8.042795181274414,26.517590580335487,1288.2068463346063,6.0,1998-08-31,1998-07-01,F,1998,,64.99376943474779,-1.9740118085151652,0.0146003734149082,Local Watershed,180.9847606482477,1671.4650176844168
94,234.7637939453125,142.261123666147,8.13782024383545,78.42195368553753,576.6469571402865,6.0,1999-04-01,1998-11-30,R,1998,,1243.538963233806,-1.6542180889982814,-0.2926134172614761,Local Watershed,180.9847606482477,1671.4650176844168
96,224.28599548339844,21.414758963660912,7.879195213317871,23.13235420453193,1296.152876771679,6.0,1999-07-09,1999-04-01,HW,1999,,809.9102963011476,-1.6726611527332704,-0.1738365497335442,Local Watershed,178.16125021606084,1586.9505865097058
98,218.0203399658203,24.320307128219163,7.925432205200195,16.166742837903104,1437.851060382755,6.0,1999-09-23,1999-07-09,F,1999,,120.07997233556895,-1.1691397486606545,-0.2452742423052213,Local Watershed,178.16125021606084,1586.9505865097058
100,232.8074951171875,170.18502347276527,10.924068450927734,59.116922495993954,881.7249647950983,6.0,1999-12-24,1999-09-23,LW,1999,,330.1710292908507,-1.5171335768938277,0.1601196946733019,Local Watershed,178.16125021606084,1586.9505865097058
102,234.48280334472656,93.88686224976703,9.016607284545898,68.32542884777558,896.1720387349477,6.0,2000-04-08,1999-12-24,R,1999,,1408.6855164700837,-1.2175766424598569,-0.4699805600675478,Local Watershed,178.16125021606084,1586.9505865097058
104,223.8042449951172,17.10488468405033,7.871316909790039,13.654779127886332,1308.164311375146,6.0,2000-07-16,2000-04-08,HW,2000,,752.8653235658329,-2.118288371744064,-0.0629797806393725,Local Watershed,182.2376924935526,1674.7296824116695
106,218.72747802734372,24.709793433450137,7.940486431121826,14.493446604978846,1326.5741957042037,6.0,2000-10-16,2000-07-16,F,2000,,184.2933853624789,-2.2544579547388675,0.333094122655563,Local Watershed,182.2376924935526,1674.7296824116695
108,233.3350982666016,184.78572523367484,10.83965301513672,54.69632573166754,902.849114169824,6.0,2001-01-07,2000-10-16,LW,2000,,253.02474805351224,-1.599636586315103,-0.0450125947898515,Local Watershed,182.2376924935526,1674.7296824116695
110,232.16357421875,86.6593942757707,8.784039497375488,58.23594469246324,1134.295313519154,6.0,2001-03-24,2001-01-07,R,2001,,915.4792173367098,-1.9928626212371356,-0.4863543772881828,Local Watershed,184.93173960448843,1691.5023548585264
112,228.1894378662109,24.950231855790555,7.887654781341553,20.57905879934792,1367.0437435109338,6.0,2001-06-16,2001-03-24,HW,2001,,771.4383192194815,-1.7531801879098317,-0.0976067273461105,Local Watershed,184.93173960448843,1691.5023548585264
114,215.2109222412109,19.340951655754623,7.910932540893555,10.03000040230972,1395.4928578642912,6.0,2001-09-16,2001-06-16,F,2001,195585.52741935485,147.1388829977295,-2.104456482301132,-0.129959904509624,Local Watershed,184.93173960448843,1691.5023548585264
115,232.5489196777344,172.9158103473386,10.83965301513672,58.28226767045798,812.1861538114164,6.0,2001-12-24,2001-09-16,LW,2001,104194.75157000002,155.70155183409796,-2.3273299254918016,0.4060388002193996,Local Watershed,184.93173960448843,1691.5023548585264
116,235.0374755859375,55.332609976506696,8.50539779663086,29.63017344991901,1156.0449933971745,6.0,2002-04-09,2001-12-24,R,2001,161312.87371028037,1131.164536235298,-1.7264360700729455,-0.4637881938270791,Local Watershed,184.93173960448843,1691.5023548585264
117,216.28944396972656,20.54956120856621,7.890129566192627,12.988204241766487,1357.7971873630115,6.0,2002-07-09,2002-04-09,HW,2002,,614.7705005039974,-2.3998504269120216,-0.0506361910288733,Local Watershed,181.07005275122427,1671.4342046668846
119,218.06881713867188,26.7536901760844,8.116841316223145,15.692749933346036,1398.300325030739,6.0,2002-09-23,2002-07-09,F,2002,,79.9646051928949,-2.7600889217936446,0.1065082825522301,Local Watershed,181.07005275122427,1671.4342046668846
121,234.0359649658203,161.60280280842264,10.83965301513672,65.19973498756657,899.2909782520265,6.0,2002-12-24,2002-09-23,LW,2002,,260.1756921779919,-2.0917536524858,0.1938528543436348,Local Watershed,181.07005275122427,1671.4342046668846
123,233.58740234375,106.53181397594015,9.203275680541992,67.70280903777831,936.6414423302444,6.0,2003-04-09,2002-12-24,R,2002,154128.3973457944,986.0674877253588,-2.3156264522800463,-0.3086336405591197,Local Watershed,181.07005275122427,1671.4342046668846
124,226.0424346923828,32.65328054953229,7.894221305847168,21.925103723330448,1320.4229579830414,6.0,2003-07-09,2003-04-09,HW,2003,,775.1054699590335,-1.9986522841407768,-0.1638145615966713,Local Watershed,159.12547532537604,1708.5312593988117
126,228.18182373046875,23.056590133663523,8.09087085723877,17.289416070101236,1342.4247985307736,6.0,2003-09-23,2003-07-09,F,2003,,210.21732680102104,-1.6246384918241314,0.0027426822826709,Local Watershed,159.12547532537604,1708.5312593988117
128,235.1651306152344,176.99009080112776,10.828718185424805,63.95991799531605,1006.5939725160288,6.0,2003-12-16,2003-09-23,LW,2003,,159.5601569587017,-1.7199281757312048,0.4233240993318483,Local Watershed,159.12547532537604,1708.5312593988117
130,235.435546875,163.3542731362934,8.868292808532715,69.04686826344708,1014.063470306324,6.0,2004-03-16,2003-12-16,R,2003,,881.0208292750905,-1.5560157524425686,-0.2849955413407128,Local Watershed,159.12547532537604,1708.5312593988117
132,232.0974578857422,39.05706998570869,8.056079864501953,26.236009825359268,1362.4633823803026,6.0,2004-06-16,2004-03-16,HW,2004,,922.7212017674136,-1.9410934633505368,-0.0821705255549054,Local Watershed,165.56325703991192,1716.4596002533958
134,232.0791473388672,39.54264805494731,8.241060256958008,17.68869663215676,1344.387070473793,6.0,2004-09-16,2004-06-16,F,2004,180681.39612903225,245.8714674453488,-2.082415703023333,-0.1125477973406233,Local Watershed,165.56325703991192,1716.4596002533958
135,233.7545318603516,178.50024611292463,10.605066299438477,49.86272211125438,937.833274427502,6.0,2004-12-16,2004-09-16,LW,2004,,105.89177782005844,-1.671759090414339,0.5724058666694581,Local Watershed,165.56325703991192,1716.4596002533958
137,234.29122924804688,161.74315852028022,8.288423538208008,65.55954871208148,993.8951880683246,6.0,2005-03-16,2004-12-16,R,2004,,923.892909112162,-1.404162840254232,-0.2297235413867253,Local Watershed,165.56325703991192,1716.4596002533958
139,232.69281005859372,44.4539171661687,7.932438373565674,28.148291897117957,1458.8827290876725,6.0,2005-06-08,2005-03-16,HW,2005,,996.8275750649216,-2.2800767624538487,-0.1823510158070429,Local Watershed,176.47407226838456,1632.9113137337615
141,217.8419952392578,22.826761424922324,7.932968616485596,11.631618499278671,1459.3398103156192,6.0,2005-08-23,2005-06-08,F,2005,,215.6634752439808,-1.5547787705079985,-0.4991852715573027,Local Watershed,176.47407226838456,1632.9113137337615
143,233.8891448974609,149.22042591912833,10.828718185424805,67.56147314606083,840.001407327343,6.0,2005-11-23,2005-08-23,LW,2005,,101.65854497614686,-1.898772373063308,0.3019622162725183,Local Watershed,176.47407226838456,1632.9113137337615
145,228.5950164794922,40.975093651166695,8.094075202941895,19.89128082744536,1265.5818701104415,6.0,2006-03-09,2005-11-23,R,2005,145596.3938224299,1056.8656086593694,-1.5419336712310134,-0.2791709711941945,Local Watershed,176.47407226838456,1632.9113137337615
146,232.54542541503903,25.341481579739067,7.900279521942139,20.97898148260263,1431.3216756729416,6.0,2006-06-16,2006-03-09,HW,2006,229704.03980000003,1496.7188533982865,-1.6529587388678528,-0.1187124126143245,Local Watershed,182.3630693106633,1585.55783755338
147,217.6182556152344,23.632488223077143,8.045127868652344,9.595307504939507,1525.1863525719953,6.0,2006-09-16,2006-06-16,F,2006,197713.9829032258,206.40753520892767,-1.937658943191676,-0.202552613232481,Local Watershed,182.3630693106633,1585.55783755338
148,235.1406097412109,183.76212333890675,8.767578125,55.45311301742732,790.9405580131615,6.0,2006-12-24,2006-09-16,LW,2006,103431.77143,311.93476676852504,-1.9862963485170368,0.1609271444874622,Local Watershed,182.3630693106633,1585.55783755338
149,231.75466918945312,60.065311530733446,8.244890213012695,27.6685554347546,1252.3337068014102,6.0,2007-04-09,2006-12-24,R,2006,164946.1878691589,1007.7934198415116,-1.7962421262189312,-0.2193559538598556,Local Watershed,182.3630693106633,1585.55783755338
150,222.45623779296875,24.546124793342575,7.912693023681641,16.647023153972526,1458.9276931970849,6.0,2007-07-09,2007-04-09,HW,2007,,747.7847865524628,-1.8304883060772357,-0.2308846546785196,Local Watershed,186.10605872261,1543.088183790319
152,229.0827178955078,30.0945831445042,8.048460006713867,16.577484448529578,1431.244499561231,6.0,2007-09-23,2007-07-09,F,2007,,145.76275413791686,-1.83084094024842,-0.2647117927141882,Local Watershed,186.10605872261,1543.088183790319
154,229.0326995849609,107.11740263728996,10.83965301513672,53.95137401052455,951.3347028728538,6.0,2007-12-24,2007-09-23,LW,2007,,264.29631742856424,-1.6536482727026802,-0.1290227773544498,Local Watershed,186.10605872261,1543.088183790319
156,228.6107177734375,42.8958957664711,8.030305862426758,20.528865646381057,1424.7736218142916,6.0,2008-04-08,2007-12-24,R,2007,,1408.526195207568,-1.4041612402559247,-0.4969512405245567,Local Watershed,186.10605872261,1543.088183790319
158,215.13650512695312,19.61069262739656,7.920907974243164,11.917000702059148,1544.351923470245,6.0,2008-07-09,2008-04-08,HW,2008,,959.2812947012486,-1.6345616786448214,-0.3518925856581026,Local Watershed,183.350470475919,1519.3375589694058
160,218.30062866210935,27.41978597298247,10.708502769470217,10.521386143719337,1473.9615802765577,6.0,2008-09-23,2008-07-09,F,2008,,56.52905240195058,-1.8203263419370213,-0.02778682337956,Local Watershed,183.350470475919,1519.3375589694058
162,234.6470184326172,174.18851457806016,10.83965301513672,56.68583354074914,895.1150323841769,6.0,2008-12-16,2008-09-23,LW,2008,,336.6300131724098,-0.9280225036980064,0.1506741134186099,Local Watershed,183.350470475919,1519.3375589694058
164,235.12559509277344,100.3768102594413,8.185346603393555,59.06782549416236,1143.3131323365897,6.0,2009-03-16,2008-12-16,R,2008,,1033.7160993394732,-1.5935094426871486,-0.4667026625941671,Local Watershed,183.350470475919,1519.3375589694058
166,230.37767028808597,25.912715056876497,7.902099609375,16.468539753394616,1533.0528615882608,6.0,2009-06-16,2009-03-16,HW,2009,,1251.355535281055,-1.95816679883308,-0.043711928121945,Local Watershed,187.34821668158517,1471.528455106702
168,215.13650512695312,19.618873856722328,7.940846920013428,6.579395997259359,1632.2603800863171,6.0,2009-09-16,2009-06-16,F,2009,228467.13451612904,126.41115471838508,-2.926207171935282,-0.0243109135282215,Local Watershed,187.34821668158517,1471.528455106702
169,231.5045166015625,90.69269946593654,10.828718185424805,59.84941164494683,940.359836466838,6.0,2009-12-16,2009-09-16,LW,2009,,72.69812671329046,-2.5636594117019467,0.0325049058703146,Local Watershed,187.34821668158517,1471.528455106702
171,231.9976348876953,64.56680111048527,10.726144790649414,43.85055645020105,1107.374412342253,6.0,2010-03-16,2009-12-16,R,2009,,487.87700370881913,-2.1277984506372656,-0.3949054580979915,Local Watershed,187.34821668158517,1471.528455106702
173,226.972900390625,24.49089181057112,7.849280834197998,15.499034351203871,1405.6454217937962,6.0,2010-06-16,2010-03-16,HW,2010,,909.3201713418204,-1.4874620581944695,-0.1243431607905672,Local Watershed,183.19503493393483,1569.7390006698708
175,226.06837463378903,27.02832174155575,7.918811321258545,11.888457676981096,1428.3716402360426,6.0,2010-09-16,2010-06-16,F,2010,183720.5707526882,334.15072760054323,-1.5118045321356142,-0.5762527136616674,Local Watershed,183.19503493393483,1569.7390006698708
176,233.88414001464844,166.20242919216932,8.173882484436035,64.18444140420185,704.6098963863473,6.0,2010-12-24,2010-09-16,LW,2010,86233.76481000001,313.28718003208587,-1.3314702280814037,-0.1718776426711314,Local Watershed,183.19503493393483,1569.7390006698708
177,234.2957305908203,47.53664594192395,8.054278373718262,33.930798785671584,1028.0580175605126,6.0,2011-04-09,2010-12-24,R,2010,154222.23334579438,1443.3208420506544,-1.4472906470472493,-0.5200962697485788,Local Watershed,183.19503493393483,1569.7390006698708
178,215.13650512695312,18.387730572425717,7.849280834197998,9.579272963435566,1411.0294270963911,6.0,2011-07-01,2011-04-09,HW,2011,,584.9972190674863,-2.009203345472391,-0.0759380094854664,Local Watershed,174.5874835188852,1567.0379514785377
180,215.5395355224609,24.38359079449372,10.010379791259766,11.162473584889582,1447.818425770927,6.0,2011-08-31,2011-07-01,F,2011,,133.02675676662994,-2.3578586233995127,-0.35995672680981,Local Watershed,174.5874835188852,1567.0379514785377
182,232.6334381103516,164.94726661599185,9.243779182434082,62.96249560158394,792.9994450613322,6.0,2011-11-23,2011-08-31,LW,2011,,233.9299427120554,-1.6680806457750854,0.0929540690283171,Local Watershed,174.5874835188852,1567.0379514785377
186,225.8527984619141,23.80689373694818,7.903843879699707,12.71747320382548,1542.015689773139,6.0,2012-06-16,2012-03-08,HW,2012,,756.2192278641669,-2.121827371474566,0.0858602407994265,Local Watershed,174.07277466461045,1532.2640844522596
188,215.9747009277344,23.17317998152217,7.944692611694336,8.83293162979944,1545.135801675982,6.0,2012-09-16,2012-06-16,F,2012,208690.6603225806,268.8564112851343,-2.3195059246513186,0.0618275422089955,Local Watershed,174.07277466461045,1532.2640844522596
189,229.2765655517578,173.0432548091945,10.23537540435791,53.78276550829314,663.3043330533433,6.0,2012-12-16,2012-09-16,LW,2012,,227.94383480561325,-2.005243679328052,0.4660494718977818,Local Watershed,174.07277466461045,1532.2640844522596
193,225.8527984619141,23.21941640113709,7.910932540893555,16.422054207093232,1444.078915213352,6.0,2013-06-16,2013-03-16,HW,2013,,1056.872762350603,-2.081082905614121,-0.1109400090334839,Local Watershed,181.15282094303,1538.51449106108
195,215.13650512695312,19.97038509847303,7.890129566192627,9.926590157055331,1516.2127367789851,6.0,2013-09-16,2013-06-16,F,2013,211249.61688172043,369.45637502634736,-1.7328863336497158,-0.272232503220172,Local Watershed,181.15282094303,1538.51449106108
196,232.88214111328125,75.23563962416996,9.389283180236816,41.33244155322564,1088.595262135832,6.0,2013-12-16,2013-09-16,LW,2013,,242.2135110408164,-1.5247230509961094,0.0411124555181861,Local Watershed,181.15282094303,1538.51449106108
200,216.5937957763672,21.106928542152424,7.899100303649902,11.601760158263152,1554.4139560685096,6.0,2014-06-16,2014-03-16,HW,2014,,718.3489020818402,-2.229013524971267,-0.2674439858721865,Local Watershed,186.9202394168476,1464.212168872234
202,215.13650512695312,20.594524761673625,8.12880802154541,8.158254087264071,1575.5705845280804,6.0,2014-09-16,2014-06-16,F,2014,226714.9174193548,298.297335592742,-2.8087372188630884,-0.2019301538542366,Local Watershed,186.9202394168476,1464.212168872234
203,231.14993286132807,76.65548728280507,8.699872016906738,50.87727304392772,1018.5435616674932,6.0,2014-12-24,2014-09-16,LW,2014,131919.33987999998,218.21076679845265,-2.2510706577780684,0.4326363899975122,Local Watershed,186.9202394168476,1464.212168872234
204,233.08302307128903,48.16251397973986,8.335250854492188,27.09406938505264,1124.9725785621931,6.0,2015-04-09,2014-12-24,R,2014,173131.46252336446,992.5624840956474,-2.0506304684283965,-0.3881785368015776,Local Watershed,186.9202394168476,1464.212168872234
205,215.53692626953125,20.813529866257102,7.931506156921387,11.980723545805864,1545.6308381379104,6.0,2015-07-09,2015-04-09,HW,2015,,583.9417772668761,-2.517296429154177,-0.2168255026204457,Local Watershed,197.73102540128008,1526.3494596576022
207,215.9346923828125,22.22056501035677,8.107645988464355,8.684201356851975,1544.5354306011834,6.0,2015-09-23,2015-07-09,F,2015,,85.39304520846953,-3.041548791055152,-0.1867154044269669,Local Watershed,197.73102540128008,1526.3494596576022
209,228.90313720703125,158.8779550669109,8.829757690429688,69.42873807497533,843.554311912262,6.0,2015-12-24,2015-09-23,LW,2015,,99.18727809991924,-3.1227379504342694,0.022861252607038,Local Watershed,197.73102540128008,1526.3494596576022
211,234.6958923339844,125.15940143376002,7.969209671020508,82.1043511235721,589.1910924295852,6.0,2016-04-08,2015-12-24,R,2015,,795.9454167405296,-2.216892803137629,-0.4928147361173954,Local Watershed,197.73102540128008,1526.3494596576022
213,217.1455841064453,35.42401717849133,7.910932540893555,14.781681171640448,1376.4895053227092,6.0,2016-07-09,2016-04-08,HW,2016,,651.6895205697627,-2.0478211565839683,-0.1909214066648542,Local Watershed,211.346449634342,1575.1868797662785
215,232.20144653320312,46.6463657193834,8.030111312866211,21.175725265852908,1371.3904525231485,6.0,2016-09-23,2016-07-09,F,2016,,136.58462704371044,-1.5223334741174983,0.0044718651689047,Local Watershed,211.346449634342,1575.1868797662785
217,230.12384033203125,181.29711706243077,10.83965301513672,45.93282253268141,785.3439559297509,6.0,2016-12-16,2016-09-23,LW,2016,,437.5913603089676,-1.747494410399856,0.2277701336353461,Local Watershed,211.346449634342,1575.1868797662785
219,234.99539184570312,75.39275313291314,7.932968616485596,59.74952736076549,1028.185051736889,6.0,2017-03-16,2016-12-16,R,2016,,1113.3884326778275,-1.6314198303277876,-0.5772673096383804,Local Watershed,211.346449634342,1575.1868797662785
221,230.10487365722656,21.08413163515585,7.902323246002197,16.840143148732615,1435.6735694823274,6.0,2017-06-08,2017-03-16,HW,2017,,613.5850078825523,-1.9394291414132667,-0.3170853198900938,Local Watershed,219.2791704031104,1521.0721314362222
223,219.57666015625,20.397643848923455,7.913033962249756,9.019183608098688,1484.8317434647183,6.0,2017-08-23,2017-06-08,F,2017,,197.2201486763723,-2.113030436204949,-0.3893833943084021,Local Watershed,219.2791704031104,1521.0721314362222
225,230.8618621826172,116.49428816132594,10.828718185424805,74.30866689924513,925.7556352319948,6.0,2017-11-30,2017-08-23,LW,2017,,100.0156984084432,-2.1796599070963487,0.1291245636708278,Local Watershed,219.2791704031104,1521.0721314362222
227,233.90911865234372,69.07357087570405,8.198188781738281,45.113221161304274,1034.2298070811123,6.0,2018-04-01,2017-11-30,R,2017,,936.8978517736986,-1.6884562976563449,-0.5234213975151072,Local Watershed,219.2791704031104,1521.0721314362222
229,215.76361083984372,21.489996787987412,7.890129566192627,12.99080951799706,1405.9776058565549,6.0,2018-07-09,2018-04-01,HW,2018,,886.8599647565603,-1.7166289675191242,-0.4577239851300849,Local Watershed,221.8293284103765,1548.6928571787523
231,216.3997344970703,18.703375721484843,7.872185707092285,8.426675570578883,1410.7555461079207,6.0,2018-09-23,2018-07-09,F,2018,,198.1408222608496,-2.170525450276802,-0.2255423331689683,Local Watershed,221.8293284103765,1548.6928571787523
233,231.6390380859375,153.8935259396707,10.828718185424805,67.44808530432398,825.515596555666,6.0,2018-12-24,2018-09-23,LW,2018,,355.98156476436884,-2.200649060446867,-0.1747317770789676,Local Watershed,221.8293284103765,1548.6928571787523
235,231.5760803222656,50.53650934202023,8.171492576599121,23.514904056990535,1247.3247343956157,6.0,2019-04-09,2018-12-24,R,2018,186162.61560747665,998.4165081440564,-2.102817153448328,-0.5388208015844927,Local Watershed,221.8293284103765,1548.6928571787523
236,220.10504150390625,18.846144772963903,7.871316909790039,12.72959062012358,1399.7703880919507,6.0,2019-07-09,2019-04-09,HW,2019,,669.4696067600584,-2.221583979670104,-0.2530688108391124,Local Watershed,214.5031492517284,1514.696563246411
238,220.7078399658203,18.186829049774648,7.932968616485596,8.625177551094962,1471.4185641036038,6.0,2019-09-23,2019-07-09,F,2019,,80.08234155017324,-2.235029093560825,-0.2707872100452224,Local Watershed,214.5031492517284,1514.696563246411
240,234.16091918945312,84.63590970783298,9.532992362976074,51.145076982306975,951.6931587099024,6.0,2019-12-24,2019-09-23,LW,2019,,397.41710120630745,-1.5791922161461187,0.1239434098225378,Local Watershed,214.5031492517284,1514.696563246411
242,229.1150360107422,44.4127562664043,7.932968616485596,16.887689000789898,1322.433629127874,6.0,2020-04-08,2019-12-24,R,2019,,933.026617406254,-1.6005407916260497,-0.5413098348513904,Local Watershed,214.5031492517284,1514.696563246411
244,230.7622833251953,17.942366944557516,7.929745674133301,10.808303292867109,1388.907347926223,6.0,2020-07-09,2020-04-08,HW,2020,,808.0849185867289,-1.841290033798958,-0.1388798156003427,Local Watershed,202.9056439165413,1559.9412489859835
246,216.53858947753903,19.25298214307352,7.871316909790039,8.31043875129607,1386.7318863410776,6.0,2020-09-23,2020-07-09,F,2020,,104.30575299297844,-2.0969319527959893,-0.2308095008240676,Local Watershed,202.9056439165413,1559.9412489859835
248,234.1347503662109,156.80679926680426,8.762274742126465,65.34488461086109,870.9230101919843,6.0,2020-12-16,2020-09-23,LW,2020,,300.1004569539237,-1.81702592966006,-0.1780899094237769,Local Watershed,202.9056439165413,1559.9412489859835
250,233.83187866210935,59.25633343665595,8.58413314819336,37.88091579639914,1062.2312164942164,6.0,2021-03-16,2020-12-16,R,2020,,992.8994518998088,-1.5291057701904949,-0.5114259273955855,Local Watershed,202.9056439165413,1559.9412489859835
252,222.3549041748047,20.479828467574126,7.887654781341553,16.35300503703702,1476.582541807496,6.0,2021-06-16,2021-03-16,HW,2021,,615.4400846498276,-1.5752554975287774,-0.2684109553599444,Local Watershed,196.5952293919595,1521.152453573923
254,215.6035919189453,18.737271808559303,7.871316909790039,8.016662467637367,1540.6992103579562,6.0,2021-09-16,2021-06-16,F,2021,225755.5648387097,282.9943516778372,-1.5089091109412582,-0.3555428733888868,Local Watershed,196.5952293919595,1521.152453573923
255,233.2685546875,86.126608245818,8.109652519226074,52.2862017105925,1067.8467128055493,6.0,2021-12-16,2021-09-16,LW,2021,,453.2952012206303,-1.3569719117040846,-0.176001247791668,Local Watershed,196.5952293919595,1521.152453573923
257,229.90956115722656,54.608522592417,8.823901176452637,23.875605210957566,1266.3716786458226,6.0,2022-03-16,2021-12-16,R,2021,,1039.0601781372068,-1.4169729151046797,-0.5351466364174139,Local Watershed,196.5952293919595,1521.152453573923
259,215.43914794921875,22.29036628247307,7.890657424926758,15.926302581926713,1546.8258473515014,6.0,2022-06-16,2022-03-16,HW,2022,,942.8514786836688,-1.4968315859610228,-0.2516470062857532,Local Watershed,195.54185314466775,1451.598098128159
261,215.13650512695312,17.000594966454305,7.912693023681641,6.877647074631695,1538.3428613469405,6.0,2022-09-16,2022-06-16,F,2022,220799.00795698923,202.00701688806453,-2.1790587698385857,-0.4084796456026258,Local Watershed,195.54185314466775,1451.598098128159
262,234.8497314453125,119.85448831793644,8.382858276367188,72.70486163366978,842.9505331267965,6.0,2022-12-16,2022-09-16,LW,2022,,216.0170399181865,-1.3839152252718037,-0.1823008850446045,Local Watershed,195.54185314466775,1451.598098128159
264,233.82449340820312,49.25365507882115,7.894221305847168,26.29336946422136,1176.8004705409487,6.0,2023-03-16,2022-12-16,R,2022,,927.0539593489352,-1.6112812487677102,-0.4821690308328852,Local Watershed,195.54185314466775,1451.598098128159
266,215.8895568847656,22.039037825493267,7.863780498504639,12.934526438368763,1381.9801043063344,6.0,2023-06-16,2023-03-16,HW,2023,,643.1738035502359,-1.895915110709869,-0.1592939325013794,Local Watershed,199.57046044111289,1626.9065670491184
268,215.53128051757807,24.62412453309287,7.912693023681641,8.84538923253411,1398.101162033911,6.0,2023-09-16,2023-06-16,F,2023,192864.37516129029,64.59318322196552,-2.615974780615878,-0.1413830454843854,Local Watershed,199.57046044111289,1626.9065670491184
269,233.40277099609372,187.4144033857236,8.689016342163086,56.53101428781168,629.2155556177454,6.0,2023-12-16,2023-09-16,LW,2023,,164.9735926826986,-2.627760793200258,0.1404562465471896,Local Watershed,199.57046044111289,1626.9065670491184
271,234.7411193847656,63.839445589019306,8.0036039352417,64.34623820173749,502.0934811031543,6.0,2024-03-16,2023-12-16,R,2023,,734.9022150887736,-2.205439295649077,-0.2111775266564336,Local Watershed,199.57046044111289,1626.9065670491184
273,230.60055541992188,36.91455715854969,7.937634468078613,18.75398378062776,1201.4655337144818,6.0,2024-06-08,2024-03-16,HW,2024,,1053.8292431761054,-1.9188090207340311,-0.3503345937431042,Local Watershed,224.67815086609056,1674.6484896529107
275,220.76698303222656,33.658593729735856,7.932968616485596,12.795185179592591,1310.0405522977385,6.0,2024-08-23,2024-06-08,F,2024,,104.67731675437996,-2.373737991031875,-0.3487596928144355,Local Watershed,224.67815086609056,1674.6484896529107
277,234.0022125244141,178.7872462154001,8.711090087890625,63.96441306816552,561.8825277237233,6.0,2024-11-23,2024-08-23,LW,2024,,95.1682957612141,-2.4967538324517786,-0.0123549296549693,Local Watershed,224.67815086609056,1674.6484896529107
279,235.1419677734375,126.39718564480066,7.947256565093994,86.05765275271357,368.46327097384574,6.0,2025-03-09,2024-11-23,R,2024,124708.11024299066,1205.653605429058,-1.683873036230058,-0.2517200327475072,Local Watershed,224.67815086609056,1674.6484896529107
280,215.3931427001953,21.700120720468718,7.871316909790039,13.777758372620609,1303.1411332515793,6.0,2025-06-09,2025-03-09,HW,2025,223941.2921505376,837.9436838095171,-2.2273152393874738,-0.3436417381883023,Local Watershed,,
281,215.30111694335935,20.144170131480102,7.920571804046631,11.239460743926765,1433.6633269843169,6.0,2025-09-09,2025-06-09,F,2025,231944.08471698116,268.5585195811858,-2.3563427910929144,-0.2044066069501846,Local Watershed,,
282,231.28485107421875,58.66948157917223,8.2548828125,27.91647102162067,1112.8316988104175,6.0,2025-12-09,2025-09-09,LW,2025,,218.50484744287272,-2.0754933729906098,0.1435913338040658,Local Watershed,,
