,Data,End_Data,type,start_type,year,month
0,1968-05-01,1968-12-01,HW_Transition,HW,1968,5
1,1968-12-01,1970-01-01,Falling,HW,1968,12
2,1970-01-01,1970-06-01,Rising,LW,1970,1
3,1970-06-01,1970-12-01,Falling,HW,1970,6
4,1970-12-01,1971-06-01,Rising,LW,1970,12
5,1971-06-01,1971-11-01,Falling,HW,1971,6
6,1971-11-01,1972-06-01,Rising,LW,1971,11
7,1972-06-01,1972-11-01,Falling,HW,1972,6
8,1972-11-01,1973-06-01,Rising,LW,1972,11
9,1973-06-01,1973-11-01,Falling,HW,1973,6
10,1973-11-01,1974-05-01,Rising,LW,1973,11
11,1974-05-01,1974-11-01,Falling,HW,1974,5
12,1974-11-01,1975-06-01,Rising,LW,1974,11
13,1975-06-01,1975-12-01,Falling,HW,1975,6
14,1975-12-01,1976-05-01,Rising,LW,1975,12
15,1976-05-01,1976-11-01,Falling,HW,1976,5
16,1976-11-01,1977-06-01,Rising,LW,1976,11
17,1977-06-01,1977-10-01,Falling,HW,1977,6
18,1977-10-01,1978-06-01,Rising,LW,1977,10
19,1978-06-01,1978-11-01,Falling,HW,1978,6
20,1978-11-01,1979-06-01,Rising,LW,1978,11
21,1979-06-01,1979-11-01,Falling,HW,1979,6
22,1979-11-01,1980-06-01,Rising,LW,1979,11
23,1980-06-01,1980-10-01,Falling,HW,1980,6
24,1980-10-01,1981-05-01,Rising,LW,1980,10
25,1981-05-01,1981-11-01,Falling,HW,1981,5
26,1981-11-01,1982-05-01,Rising,LW,1981,11
27,1982-05-01,1982-11-01,Falling,HW,1982,5
28,1982-11-01,1983-06-01,Rising,LW,1982,11
29,1983-06-01,1983-10-01,Falling,HW,1983,6
30,1983-10-01,1984-05-01,Rising,LW,1983,10
31,1984-05-01,1984-11-01,Falling,HW,1984,5
32,1984-11-01,1985-06-01,Rising,LW,1984,11
33,1985-06-01,1985-11-01,Falling,HW,1985,6
34,1985-11-01,1986-05-01,Rising,LW,1985,11
35,1986-05-01,1986-10-01,Falling,HW,1986,5
36,1986-10-01,1987-05-01,Rising,LW,1986,10
37,1987-05-01,1987-11-01,Falling,HW,1987,5
38,1987-11-01,1988-06-01,Rising,LW,1987,11
39,1988-06-01,1988-10-01,Falling,HW,1988,6
40,1988-10-01,1989-06-01,Rising,LW,1988,10
41,1989-06-01,1990-01-01,Falling,HW,1989,6
42,1990-01-01,1990-05-01,Rising,LW,1990,1
43,1990-05-01,1990-11-01,Falling,HW,1990,5
44,1990-11-01,1991-06-01,Rising,LW,1990,11
45,1991-06-01,1991-11-01,Falling,HW,1991,6
46,1991-11-01,1992-05-01,Rising,LW,1991,11
47,1992-05-01,1992-11-01,Falling,HW,1992,5
48,1992-11-01,1993-05-01,Rising,LW,1992,11
49,1993-05-01,1993-11-01,Falling,HW,1993,5
50,1993-11-01,1994-06-01,Rising,LW,1993,11
51,1994-06-01,1994-11-01,Falling,HW,1994,6
52,1994-11-01,1995-06-01,Rising,LW,1994,11
53,1995-06-01,1995-10-01,Falling,HW,1995,6
54,1995-10-01,1996-05-01,Rising,LW,1995,10
55,1996-05-01,1996-11-01,Falling,HW,1996,5
56,1996-11-01,1997-05-01,Rising,LW,1996,11
57,1997-05-01,1997-11-01,Falling,HW,1997,5
58,1997-11-01,1998-06-01,Rising,LW,1997,11
59,1998-06-01,1998-10-01,Falling,HW,1998,6
60,1998-10-01,1999-06-01,Rising,LW,1998,10
61,1999-06-01,1999-11-01,Falling,HW,1999,6
62,1999-11-01,2000-06-01,Rising,LW,1999,11
63,2000-06-01,2000-12-01,Falling,HW,2000,6
64,2000-12-01,2001-05-01,Rising,LW,2000,12
65,2001-05-01,2001-11-01,Falling,HW,2001,5
66,2001-11-01,2002-06-01,Rising,LW,2001,11
67,2002-06-01,2002-11-01,Falling,HW,2002,6
68,2002-11-01,2003-06-01,Rising,LW,2002,11
69,2003-06-01,2003-11-01,Falling,HW,2003,6
70,2003-11-01,2004-05-01,Rising,LW,2003,11
71,2004-05-01,2004-11-01,Falling,HW,2004,5
72,2004-11-01,2005-05-01,Rising,LW,2004,11
73,2005-05-01,2005-10-01,Falling,HW,2005,5
74,2005-10-01,2006-05-01,Rising,LW,2005,10
75,2006-05-01,2006-11-01,Falling,HW,2006,5
76,2006-11-01,2007-06-01,Rising,LW,2006,11
77,2007-06-01,2007-11-01,Falling,HW,2007,6
78,2007-11-01,2008-06-01,Rising,LW,2007,11
79,2008-06-01,2008-11-01,Falling,HW,2008,6
80,2008-11-01,2009-05-01,Rising,LW,2008,11
81,2009-05-01,2009-11-01,Falling,HW,2009,5
82,2009-11-01,2010-05-01,Rising,LW,2009,11
83,2010-05-01,2010-11-01,Falling,HW,2010,5
84,2010-11-01,2011-06-01,Rising,LW,2010,11
85,2011-06-01,2011-10-01,Falling,HW,2011,6
86,2011-10-01,2012-05-01,Rising,LW,2011,10
87,2012-05-01,2012-11-01,Falling,HW,2012,5
88,2012-11-01,2013-05-01,Rising,LW,2012,11
89,2013-05-01,2013-11-01,Falling,HW,2013,5
90,2013-11-01,2014-05-01,Rising,LW,2013,11
91,2014-05-01,2014-11-01,Falling,HW,2014,5
92,2014-11-01,2015-06-01,Rising,LW,2014,11
93,2015-06-01,2015-11-01,Falling,HW,2015,6
94,2015-11-01,2016-06-01,Rising,LW,2015,11
95,2016-06-01,2016-11-01,Falling,HW,2016,6
96,2016-11-01,2017-05-01,Rising,LW,2016,11
97,2017-05-01,2017-10-01,Falling,HW,2017,5
98,2017-10-01,2018-06-01,Rising,LW,2017,10
99,2018-06-01,2018-11-01,Falling,HW,2018,6
100,2018-11-01,2019-06-01,Rising,LW,2018,11
101,2019-06-01,2019-11-01,Falling,HW,2019,6
102,2019-11-01,2020-06-01,Rising,LW,2019,11
103,2020-06-01,2020-11-01,Falling,HW,2020,6
104,2020-11-01,2021-05-01,Rising,LW,2020,11
105,2021-05-01,2021-11-01,Falling,HW,2021,5
106,2021-11-01,2022-05-01,Rising,LW,2021,11
107,2022-05-01,2022-11-01,Falling,HW,2022,5
108,2022-11-01,2023-05-01,Rising,LW,2022,11
109,2023-05-01,2023-11-01,Falling,HW,2023,5
110,2023-11-01,2024-05-01,Rising,LW,2023,11
111,2024-05-01,2024-10-01,Falling,HW,2024,5
112,2024-10-01,2025-05-01,Rising,LW,2024,10
