,EstacaoCodigo,Data,Maxima,Minima,Media,location,water_period,longitude,latitude
0,17050001,1985-01-01,505.0,315.0,409.0,Óbidos,T,-55.5131,-1.9192
1,17050001,1985-02-01,545.0,510.0,534.0,Óbidos,T,-55.5131,-1.9192
2,17050001,1985-03-01,556.0,528.0,543.0,Óbidos,T,-55.5131,-1.9192
3,17050001,1985-04-01,562.0,550.0,555.0,Óbidos,T,-55.5131,-1.9192
4,17050001,1985-05-01,620.0,557.0,597.0,Óbidos,T,-55.5131,-1.9192
5,17050001,1985-06-01,620.0,606.0,614.0,Óbidos,T,-55.5131,-1.9192
6,17050001,1985-07-01,605.0,551.0,581.0,Óbidos,T,-55.5131,-1.9192
7,17050001,1985-08-01,550.0,462.0,505.0,Óbidos,T,-55.5131,-1.9192
8,17050001,1985-09-01,461.0,336.0,401.0,Óbidos,T,-55.5131,-1.9192
9,17050001,1985-10-01,332.0,230.0,267.0,Óbidos,T,-55.5131,-1.9192
10,17050001,1985-11-01,246.0,221.0,230.0,Óbidos,LW,-55.5131,-1.9192
11,17050001,1985-12-01,369.0,224.0,295.0,Óbidos,T,-55.5131,-1.9192
12,17050001,1986-01-01,430.0,374.0,406.0,Óbidos,T,-55.5131,-1.9192
13,17050001,1986-02-01,518.0,433.0,475.0,Óbidos,T,-55.5131,-1.9192
14,17050001,1986-03-01,625.0,523.0,574.0,Óbidos,T,-55.5131,-1.9192
15,17050001,1986-04-01,691.0,631.0,660.0,Óbidos,T,-55.5131,-1.9192
16,17050001,1986-05-01,711.0,693.0,702.0,Óbidos,HW,-55.5131,-1.9192
17,17050001,1986-06-01,704.0,698.0,701.0,Óbidos,HW,-55.5131,-1.9192
18,17050001,1986-07-01,698.0,673.0,691.0,Óbidos,T,-55.5131,-1.9192
19,17050001,1986-08-01,671.0,559.0,625.0,Óbidos,T,-55.5131,-1.9192
20,17050001,1986-09-01,551.0,361.0,467.0,Óbidos,T,-55.5131,-1.9192
21,17050001,1986-10-01,356.0,299.0,315.0,Óbidos,T,-55.5131,-1.9192
22,17050001,1986-11-01,350.0,309.0,332.0,Óbidos,T,-55.5131,-1.9192
23,17050001,1986-12-01,409.0,354.0,385.0,Óbidos,T,-55.5131,-1.9192
24,17050001,1987-01-01,482.0,413.0,449.0,Óbidos,T,-55.5131,-1.9192
25,17050001,1987-02-01,551.0,485.0,512.0,Óbidos,T,-55.5131,-1.9192
26,17050001,1987-03-01,634.0,555.0,595.0,Óbidos,T,-55.5131,-1.9192
27,17050001,1987-04-01,680.0,634.0,654.0,Óbidos,T,-55.5131,-1.9192
28,17050001,1987-05-01,695.0,683.0,690.0,Óbidos,T,-55.5131,-1.9192
29,17050001,1987-06-01,686.0,650.0,670.0,Óbidos,T,-55.5131,-1.9192
30,17050001,1987-07-01,648.0,558.0,608.0,Óbidos,T,-55.5131,-1.9192
31,17050001,1987-08-01,557.0,402.0,483.0,Óbidos,T,-55.5131,-1.9192
32,17050001,1987-09-01,392.0,202.0,298.0,Óbidos,T,-55.5131,-1.9192
33,17050001,1987-10-01,195.0,103.0,140.0,Óbidos,LW,-55.5131,-1.9192
34,17050001,1987-11-01,142.0,101.0,119.0,Óbidos,LW,-55.5131,-1.9192
35,17050001,1987-12-01,259.0,143.0,197.0,Óbidos,LW,-55.5131,-1.9192
36,17050001,1988-01-01,399.0,262.0,330.0,Óbidos,T,-55.5131,-1.9192
37,17050001,1988-02-01,527.0,403.0,464.0,Óbidos,T,-55.5131,-1.9192
38,17050001,1988-03-01,606.0,531.0,579.0,Óbidos,T,-55.5131,-1.9192
39,17050001,1988-04-01,634.0,604.0,621.0,Óbidos,T,-55.5131,-1.9192
40,17050001,1988-05-01,686.0,639.0,673.0,Óbidos,T,-55.5131,-1.9192
41,17050001,1988-06-01,692.0,681.0,687.0,Óbidos,T,-55.5131,-1.9192
42,17050001,1988-07-01,681.0,619.0,654.0,Óbidos,T,-55.5131,-1.9192
43,17050001,1988-08-01,617.0,482.0,555.0,Óbidos,T,-55.5131,-1.9192
44,17050001,1988-09-01,476.0,203.0,335.0,Óbidos,T,-55.5131,-1.9192
45,17050001,1988-10-01,195.0,102.0,127.0,Óbidos,LW,-55.5131,-1.9192
46,17050001,1988-11-01,188.0,111.0,138.0,Óbidos,LW,-55.5131,-1.9192
47,17050001,1988-12-01,351.0,192.0,277.0,Óbidos,T,-55.5131,-1.9192
48,17050001,1989-01-01,432.0,352.0,389.0,Óbidos,T,-55.5131,-1.9192
49,17050001,1989-02-01,599.0,435.0,521.0,Óbidos,T,-55.5131,-1.9192
50,17050001,1989-03-01,701.0,602.0,655.0,Óbidos,T,-55.5131,-1.9192
51,17050001,1989-04-01,762.0,705.0,740.0,Óbidos,HW,-55.5131,-1.9192
52,17050001,1989-05-01,795.0,761.0,781.0,Óbidos,HW,-55.5131,-1.9192
53,17050001,1989-06-01,800.0,781.0,792.0,Óbidos,HW,-55.5131,-1.9192
54,17050001,1989-07-01,781.0,732.0,759.0,Óbidos,HW,-55.5131,-1.9192
55,17050001,1989-08-01,729.0,629.0,682.0,Óbidos,T,-55.5131,-1.9192
56,17050001,1989-09-01,623.0,455.0,546.0,Óbidos,T,-55.5131,-1.9192
57,17050001,1989-10-01,446.0,266.0,334.0,Óbidos,T,-55.5131,-1.9192
58,17050001,1989-11-01,321.0,267.0,297.0,Óbidos,T,-55.5131,-1.9192
59,17050001,1989-12-01,319.0,288.0,296.0,Óbidos,T,-55.5131,-1.9192
60,17050001,1990-01-01,315.0,256.0,273.0,Óbidos,T,-55.5131,-1.9192
61,17050001,1990-02-01,515.0,323.0,413.0,Óbidos,T,-55.5131,-1.9192
62,17050001,1990-03-01,631.0,520.0,587.0,Óbidos,T,-55.5131,-1.9192
63,17050001,1990-04-01,677.0,631.0,651.0,Óbidos,T,-55.5131,-1.9192
64,17050001,1990-05-01,698.0,679.0,690.0,Óbidos,T,-55.5131,-1.9192
65,17050001,1990-06-01,700.0,682.0,689.0,Óbidos,T,-55.5131,-1.9192
66,17050001,1990-07-01,682.0,631.0,656.0,Óbidos,T,-55.5131,-1.9192
67,17050001,1990-08-01,628.0,516.0,581.0,Óbidos,T,-55.5131,-1.9192
68,17050001,1990-09-01,511.0,298.0,420.0,Óbidos,T,-55.5131,-1.9192
69,17050001,1990-10-01,291.0,42.0,166.0,Óbidos,LW,-55.5131,-1.9192
70,17050001,1990-11-01,122.0,54.0,93.0,Óbidos,LW,-55.5131,-1.9192
71,17050001,1990-12-01,312.0,131.0,227.0,Óbidos,LW,-55.5131,-1.9192
72,17050001,1991-01-01,499.0,320.0,401.0,Óbidos,T,-55.5131,-1.9192
73,17050001,1991-02-01,536.0,504.0,526.0,Óbidos,T,-55.5131,-1.9192
74,17050001,1991-03-01,587.0,528.0,548.0,Óbidos,T,-55.5131,-1.9192
75,17050001,1991-04-01,670.0,592.0,635.0,Óbidos,T,-55.5131,-1.9192
76,17050001,1991-05-01,713.0,672.0,696.0,Óbidos,T,-55.5131,-1.9192
77,17050001,1991-06-01,715.0,700.0,711.0,Óbidos,HW,-55.5131,-1.9192
78,17050001,1991-07-01,697.0,640.0,671.0,Óbidos,T,-55.5131,-1.9192
79,17050001,1991-08-01,638.0,546.0,601.0,Óbidos,T,-55.5131,-1.9192
80,17050001,1991-09-01,543.0,305.0,435.0,Óbidos,T,-55.5131,-1.9192
81,17050001,1991-10-01,294.0,75.0,170.0,Óbidos,LW,-55.5131,-1.9192
82,17050001,1991-11-01,93.0,36.0,61.0,Óbidos,LW,-55.5131,-1.9192
83,17050001,1991-12-01,169.0,95.0,130.0,Óbidos,LW,-55.5131,-1.9192
84,17050001,1992-01-01,261.0,170.0,202.0,Óbidos,LW,-55.5131,-1.9192
85,17050001,1992-02-01,296.0,265.0,285.0,Óbidos,T,-55.5131,-1.9192
86,17050001,1992-03-01,487.0,293.0,385.0,Óbidos,T,-55.5131,-1.9192
87,17050001,1992-04-01,578.0,496.0,549.0,Óbidos,T,-55.5131,-1.9192
88,17050001,1992-05-01,589.0,562.0,581.0,Óbidos,T,-55.5131,-1.9192
89,17050001,1992-06-01,560.0,495.0,536.0,Óbidos,T,-55.5131,-1.9192
90,17050001,1992-07-01,490.0,399.0,447.0,Óbidos,T,-55.5131,-1.9192
91,17050001,1992-08-01,400.0,274.0,338.0,Óbidos,T,-55.5131,-1.9192
92,17050001,1992-09-01,274.0,203.0,231.0,Óbidos,LW,-55.5131,-1.9192
93,17050001,1992-10-01,209.0,139.0,171.0,Óbidos,LW,-55.5131,-1.9192
94,17050001,1992-11-01,138.0,99.0,116.0,Óbidos,LW,-55.5131,-1.9192
95,17050001,1992-12-01,316.0,134.0,225.0,Óbidos,LW,-55.5131,-1.9192
96,17050001,1993-01-01,453.0,318.0,391.0,Óbidos,T,-55.5131,-1.9192
97,17050001,1993-02-01,548.0,455.0,498.0,Óbidos,T,-55.5131,-1.9192
98,17050001,1993-03-01,651.0,555.0,607.0,Óbidos,T,-55.5131,-1.9192
99,17050001,1993-04-01,720.0,653.0,690.0,Óbidos,T,-55.5131,-1.9192
100,17050001,1993-05-01,731.0,720.0,727.0,Óbidos,HW,-55.5131,-1.9192
101,17050001,1993-06-01,729.0,701.0,716.0,Óbidos,HW,-55.5131,-1.9192
102,17050001,1993-07-01,700.0,640.0,671.0,Óbidos,T,-55.5131,-1.9192
103,17050001,1993-08-01,636.0,505.0,575.0,Óbidos,T,-55.5131,-1.9192
104,17050001,1993-09-01,499.0,325.0,413.0,Óbidos,T,-55.5131,-1.9192
105,17050001,1993-10-01,320.0,185.0,244.0,Óbidos,LW,-55.5131,-1.9192
106,17050001,1993-11-01,280.0,181.0,218.0,Óbidos,LW,-55.5131,-1.9192
107,17050001,1993-12-01,427.0,286.0,357.0,Óbidos,T,-55.5131,-1.9192
108,17050001,1994-01-01,559.0,434.0,507.0,Óbidos,T,-55.5131,-1.9192
109,17050001,1994-02-01,636.0,564.0,599.0,Óbidos,T,-55.5131,-1.9192
110,17050001,1994-03-01,704.0,640.0,677.0,Óbidos,T,-55.5131,-1.9192
111,17050001,1994-04-01,744.0,706.0,724.0,Óbidos,HW,-55.5131,-1.9192
112,17050001,1994-05-01,764.0,748.0,752.0,Óbidos,HW,-55.5131,-1.9192
113,17050001,1994-06-01,764.0,746.0,753.0,Óbidos,HW,-55.5131,-1.9192
114,17050001,1994-07-01,750.0,700.0,728.0,Óbidos,HW,-55.5131,-1.9192
115,17050001,1994-08-01,698.0,594.0,648.0,Óbidos,T,-55.5131,-1.9192
116,17050001,1994-09-01,589.0,439.0,524.0,Óbidos,T,-55.5131,-1.9192
117,17050001,1994-10-01,434.0,265.0,350.0,Óbidos,T,-55.5131,-1.9192
118,17050001,1994-11-01,263.0,179.0,219.0,Óbidos,LW,-55.5131,-1.9192
119,17050001,1994-12-01,306.0,188.0,244.0,Óbidos,LW,-55.5131,-1.9192
120,17050001,1995-01-01,410.0,316.0,375.0,Óbidos,T,-55.5131,-1.9192
121,17050001,1995-02-01,450.0,408.0,424.0,Óbidos,T,-55.5131,-1.9192
122,17050001,1995-03-01,508.0,453.0,477.0,Óbidos,T,-55.5131,-1.9192
123,17050001,1995-04-01,625.0,512.0,566.0,Óbidos,T,-55.5131,-1.9192
124,17050001,1995-05-01,680.0,628.0,655.0,Óbidos,T,-55.5131,-1.9192
125,17050001,1995-06-01,680.0,657.0,672.0,Óbidos,T,-55.5131,-1.9192
126,17050001,1995-07-01,656.0,579.0,624.0,Óbidos,T,-55.5131,-1.9192
127,17050001,1995-08-01,576.0,401.0,506.0,Óbidos,T,-55.5131,-1.9192
128,17050001,1995-09-01,387.0,79.0,212.0,Óbidos,LW,-55.5131,-1.9192
129,17050001,1995-10-01,70.0,-22.0,17.0,Óbidos,LW,-55.5131,-1.9192
130,17050001,1995-11-01,114.0,-19.0,38.0,Óbidos,LW,-55.5131,-1.9192
131,17050001,1995-12-01,283.0,113.0,213.0,Óbidos,LW,-55.5131,-1.9192
132,17050001,1996-01-01,417.0,283.0,351.0,Óbidos,T,-55.5131,-1.9192
133,17050001,1996-02-01,529.0,419.0,477.0,Óbidos,T,-55.5131,-1.9192
134,17050001,1996-03-01,664.0,531.0,603.0,Óbidos,T,-55.5131,-1.9192
135,17050001,1996-04-01,722.0,664.0,696.0,Óbidos,T,-55.5131,-1.9192
136,17050001,1996-05-01,744.0,721.0,735.0,Óbidos,HW,-55.5131,-1.9192
137,17050001,1996-06-01,742.0,716.0,733.0,Óbidos,HW,-55.5131,-1.9192
138,17050001,1996-07-01,714.0,656.0,688.0,Óbidos,T,-55.5131,-1.9192
139,17050001,1996-08-01,655.0,531.0,597.0,Óbidos,T,-55.5131,-1.9192
140,17050001,1996-09-01,531.0,313.0,428.0,Óbidos,T,-55.5131,-1.9192
141,17050001,1996-10-01,305.0,180.0,214.0,Óbidos,LW,-55.5131,-1.9192
142,17050001,1996-11-01,248.0,173.0,201.0,Óbidos,LW,-55.5131,-1.9192
143,17050001,1996-12-01,291.0,246.0,272.0,Óbidos,T,-55.5131,-1.9192
144,17050001,1997-01-01,428.0,289.0,358.0,Óbidos,T,-55.5131,-1.9192
145,17050001,1997-02-01,507.0,427.0,466.0,Óbidos,T,-55.5131,-1.9192
146,17050001,1997-03-01,664.0,508.0,581.0,Óbidos,T,-55.5131,-1.9192
147,17050001,1997-04-01,750.0,665.0,713.0,Óbidos,HW,-55.5131,-1.9192
148,17050001,1997-05-01,779.0,752.0,771.0,Óbidos,HW,-55.5131,-1.9192
149,17050001,1997-06-01,771.0,726.0,750.0,Óbidos,HW,-55.5131,-1.9192
150,17050001,1997-07-01,721.0,623.0,676.0,Óbidos,T,-55.5131,-1.9192
151,17050001,1997-08-01,619.0,442.0,545.0,Óbidos,T,-55.5131,-1.9192
152,17050001,1997-09-01,436.0,109.0,285.0,Óbidos,T,-55.5131,-1.9192
153,17050001,1997-10-01,96.0,-32.0,20.0,Óbidos,LW,-55.5131,-1.9192
154,17050001,1997-11-01,55.0,-44.0,-9.0,Óbidos,LW,-55.5131,-1.9192
155,17050001,1997-12-01,178.0,55.0,107.0,Óbidos,LW,-55.5131,-1.9192
156,17050001,1998-01-01,300.0,184.0,238.0,Óbidos,LW,-55.5131,-1.9192
157,17050001,1998-02-01,354.0,303.0,322.0,Óbidos,T,-55.5131,-1.9192
158,17050001,1998-03-01,481.0,361.0,425.0,Óbidos,T,-55.5131,-1.9192
159,17050001,1998-04-01,560.0,485.0,523.0,Óbidos,T,-55.5131,-1.9192
160,17050001,1998-05-01,637.0,564.0,605.0,Óbidos,T,-55.5131,-1.9192
161,17050001,1998-06-01,639.0,633.0,635.0,Óbidos,T,-55.5131,-1.9192
162,17050001,1998-07-01,634.0,595.0,619.0,Óbidos,T,-55.5131,-1.9192
163,17050001,1998-08-01,592.0,442.0,528.0,Óbidos,T,-55.5131,-1.9192
164,17050001,1998-09-01,435.0,151.0,304.0,Óbidos,T,-55.5131,-1.9192
165,17050001,1998-10-01,140.0,-18.0,59.0,Óbidos,LW,-55.5131,-1.9192
166,17050001,1998-11-01,149.0,-17.0,67.0,Óbidos,LW,-55.5131,-1.9192
167,17050001,1998-12-01,250.0,157.0,223.0,Óbidos,LW,-55.5131,-1.9192
168,17050001,1999-01-01,413.0,252.0,316.0,Óbidos,T,-55.5131,-1.9192
169,17050001,1999-02-01,557.0,418.0,486.0,Óbidos,T,-55.5131,-1.9192
170,17050001,1999-03-01,682.0,569.0,630.0,Óbidos,T,-55.5131,-1.9192
171,17050001,1999-04-01,724.0,684.0,703.0,Óbidos,HW,-55.5131,-1.9192
172,17050001,1999-05-01,784.0,726.0,756.0,Óbidos,HW,-55.5131,-1.9192
173,17050001,1999-06-01,785.0,764.0,778.0,Óbidos,HW,-55.5131,-1.9192
174,17050001,1999-07-01,761.0,711.0,739.0,Óbidos,HW,-55.5131,-1.9192
175,17050001,1999-08-01,708.0,616.0,665.0,Óbidos,T,-55.5131,-1.9192
176,17050001,1999-09-01,612.0,408.0,525.0,Óbidos,T,-55.5131,-1.9192
177,17050001,1999-10-01,397.0,180.0,262.0,Óbidos,LW,-55.5131,-1.9192
178,17050001,1999-11-01,173.0,85.0,120.0,Óbidos,LW,-55.5131,-1.9192
179,17050001,1999-12-01,188.0,96.0,129.0,Óbidos,LW,-55.5131,-1.9192
180,17050001,2000-01-01,366.0,195.0,297.0,Óbidos,T,-55.5131,-1.9192
181,17050001,2000-02-01,487.0,366.0,429.0,Óbidos,T,-55.5131,-1.9192
182,17050001,2000-03-01,613.0,484.0,551.0,Óbidos,T,-55.5131,-1.9192
183,17050001,2000-04-01,710.0,614.0,665.0,Óbidos,T,-55.5131,-1.9192
184,17050001,2000-05-01,753.0,713.0,738.0,Óbidos,HW,-55.5131,-1.9192
185,17050001,2000-06-01,756.0,725.0,741.0,Óbidos,HW,-55.5131,-1.9192
186,17050001,2000-07-01,726.0,690.0,711.0,Óbidos,HW,-55.5131,-1.9192
187,17050001,2000-08-01,689.0,599.0,647.0,Óbidos,T,-55.5131,-1.9192
188,17050001,2000-09-01,598.0,442.0,521.0,Óbidos,T,-55.5131,-1.9192
189,17050001,2000-10-01,434.0,271.0,334.0,Óbidos,T,-55.5131,-1.9192
190,17050001,2000-11-01,266.0,221.0,235.0,Óbidos,LW,-55.5131,-1.9192
191,17050001,2000-12-01,265.0,172.0,207.0,Óbidos,LW,-55.5131,-1.9192
192,17050001,2001-01-01,422.0,264.0,324.0,Óbidos,T,-55.5131,-1.9192
193,17050001,2001-02-01,551.0,428.0,496.0,Óbidos,T,-55.5131,-1.9192
194,17050001,2001-03-01,660.0,556.0,611.0,Óbidos,T,-55.5131,-1.9192
195,17050001,2001-04-01,729.0,664.0,706.0,Óbidos,HW,-55.5131,-1.9192
196,17050001,2001-05-01,739.0,728.0,732.0,Óbidos,HW,-55.5131,-1.9192
197,17050001,2001-06-01,729.0,714.0,721.0,Óbidos,HW,-55.5131,-1.9192
198,17050001,2001-07-01,714.0,636.0,679.0,Óbidos,T,-55.5131,-1.9192
199,17050001,2001-08-01,631.0,501.0,573.0,Óbidos,T,-55.5131,-1.9192
200,17050001,2001-09-01,495.0,286.0,395.0,Óbidos,T,-55.5131,-1.9192
201,17050001,2001-10-01,278.0,86.0,182.0,Óbidos,LW,-55.5131,-1.9192
202,17050001,2001-11-01,122.0,80.0,101.0,Óbidos,LW,-55.5131,-1.9192
203,17050001,2001-12-01,264.0,124.0,177.0,Óbidos,LW,-55.5131,-1.9192
204,17050001,2002-01-01,445.0,275.0,382.0,Óbidos,T,-55.5131,-1.9192
205,17050001,2002-02-01,504.0,434.0,455.0,Óbidos,T,-55.5131,-1.9192
206,17050001,2002-03-01,598.0,510.0,560.0,Óbidos,T,-55.5131,-1.9192
207,17050001,2002-04-01,682.0,602.0,645.0,Óbidos,T,-55.5131,-1.9192
208,17050001,2002-05-01,712.0,682.0,695.0,Óbidos,T,-55.5131,-1.9192
209,17050001,2002-06-01,726.0,714.0,720.0,Óbidos,HW,-55.5131,-1.9192
210,17050001,2002-07-01,722.0,678.0,701.0,Óbidos,HW,-55.5131,-1.9192
211,17050001,2002-08-01,676.0,574.0,629.0,Óbidos,T,-55.5131,-1.9192
212,17050001,2002-09-01,568.0,402.0,494.0,Óbidos,T,-55.5131,-1.9192
213,17050001,2002-10-01,394.0,106.0,253.0,Óbidos,LW,-55.5131,-1.9192
214,17050001,2002-11-01,190.0,102.0,145.0,Óbidos,LW,-55.5131,-1.9192
215,17050001,2002-12-01,311.0,198.0,251.0,Óbidos,LW,-55.5131,-1.9192
216,17050001,2003-01-01,385.0,315.0,353.0,Óbidos,T,-55.5131,-1.9192
217,17050001,2003-02-01,464.0,390.0,429.0,Óbidos,T,-55.5131,-1.9192
218,17050001,2003-03-01,542.0,467.0,502.0,Óbidos,T,-55.5131,-1.9192
219,17050001,2003-04-01,659.0,548.0,611.0,Óbidos,T,-55.5131,-1.9192
220,17050001,2003-05-01,686.0,662.0,679.0,Óbidos,T,-55.5131,-1.9192
221,17050001,2003-06-01,698.0,686.0,691.0,Óbidos,T,-55.5131,-1.9192
222,17050001,2003-07-01,684.0,636.0,664.0,Óbidos,T,-55.5131,-1.9192
223,17050001,2003-08-01,636.0,551.0,598.0,Óbidos,T,-55.5131,-1.9192
224,17050001,2003-09-01,550.0,378.0,472.0,Óbidos,T,-55.5131,-1.9192
225,17050001,2003-10-01,369.0,196.0,258.0,Óbidos,LW,-55.5131,-1.9192
226,17050001,2003-11-01,198.0,168.0,182.0,Óbidos,LW,-55.5131,-1.9192
227,17050001,2003-12-01,211.0,186.0,194.0,Óbidos,LW,-55.5131,-1.9192
228,17050001,2004-01-01,397.0,204.0,298.0,Óbidos,T,-55.5131,-1.9192
229,17050001,2004-02-01,480.0,398.0,443.0,Óbidos,T,-55.5131,-1.9192
230,17050001,2004-03-01,583.0,480.0,527.0,Óbidos,T,-55.5131,-1.9192
231,17050001,2004-04-01,648.0,585.0,623.0,Óbidos,T,-55.5131,-1.9192
232,17050001,2004-05-01,676.0,650.0,669.0,Óbidos,T,-55.5131,-1.9192
233,17050001,2004-06-01,662.0,626.0,648.0,Óbidos,T,-55.5131,-1.9192
234,17050001,2004-07-01,623.0,560.0,594.0,Óbidos,T,-55.5131,-1.9192
235,17050001,2004-08-01,559.0,471.0,520.0,Óbidos,T,-55.5131,-1.9192
236,17050001,2004-09-01,467.0,316.0,394.0,Óbidos,T,-55.5131,-1.9192
237,17050001,2004-10-01,313.0,210.0,250.0,Óbidos,LW,-55.5131,-1.9192
238,17050001,2004-11-01,208.0,177.0,188.0,Óbidos,LW,-55.5131,-1.9192
239,17050001,2004-12-01,284.0,192.0,233.0,Óbidos,LW,-55.5131,-1.9192
240,17050001,2005-01-01,368.0,286.0,331.0,Óbidos,T,-55.5131,-1.9192
241,17050001,2005-02-01,474.0,371.0,414.0,Óbidos,T,-55.5131,-1.9192
242,17050001,2005-03-01,662.0,483.0,576.0,Óbidos,T,-55.5131,-1.9192
243,17050001,2005-04-01,706.0,664.0,689.0,Óbidos,T,-55.5131,-1.9192
244,17050001,2005-05-01,736.0,706.0,727.0,Óbidos,HW,-55.5131,-1.9192
245,17050001,2005-06-01,728.0,666.0,698.0,Óbidos,HW,-55.5131,-1.9192
246,17050001,2005-07-01,665.0,558.0,616.0,Óbidos,T,-55.5131,-1.9192
247,17050001,2005-08-01,553.0,315.0,451.0,Óbidos,T,-55.5131,-1.9192
248,17050001,2005-09-01,304.0,61.0,184.0,Óbidos,LW,-55.5131,-1.9192
249,17050001,2005-10-01,60.0,-39.0,13.0,Óbidos,LW,-55.5131,-1.9192
250,17050001,2005-11-01,137.0,-12.0,67.0,Óbidos,LW,-55.5131,-1.9192
251,17050001,2005-12-01,287.0,144.0,219.0,Óbidos,LW,-55.5131,-1.9192
252,17050001,2006-01-01,472.0,301.0,396.0,Óbidos,T,-55.5131,-1.9192
253,17050001,2006-02-01,610.0,478.0,543.0,Óbidos,T,-55.5131,-1.9192
254,17050001,2006-03-01,708.0,617.0,668.0,Óbidos,T,-55.5131,-1.9192
255,17050001,2006-04-01,762.0,710.0,730.0,Óbidos,HW,-55.5131,-1.9192
256,17050001,2006-05-01,810.0,764.0,792.0,Óbidos,HW,-55.5131,-1.9192
257,17050001,2006-06-01,808.0,759.0,785.0,Óbidos,HW,-55.5131,-1.9192
258,17050001,2006-07-01,755.0,651.0,706.0,Óbidos,HW,-55.5131,-1.9192
259,17050001,2006-08-01,647.0,469.0,565.0,Óbidos,T,-55.5131,-1.9192
260,17050001,2006-09-01,458.0,212.0,337.0,Óbidos,T,-55.5131,-1.9192
261,17050001,2006-10-01,201.0,72.0,125.0,Óbidos,LW,-55.5131,-1.9192
262,17050001,2006-11-01,171.0,72.0,121.0,Óbidos,LW,-55.5131,-1.9192
263,17050001,2006-12-01,319.0,178.0,252.0,Óbidos,LW,-55.5131,-1.9192
264,17050001,2007-01-01,450.0,324.0,389.0,Óbidos,T,-55.5131,-1.9192
265,17050001,2007-02-01,527.0,458.0,496.0,Óbidos,T,-55.5131,-1.9192
266,17050001,2007-03-01,585.0,530.0,560.0,Óbidos,T,-55.5131,-1.9192
267,17050001,2007-04-01,675.0,588.0,630.0,Óbidos,T,-55.5131,-1.9192
268,17050001,2007-05-01,734.0,677.0,709.0,Óbidos,HW,-55.5131,-1.9192
269,17050001,2007-06-01,738.0,712.0,731.0,Óbidos,HW,-55.5131,-1.9192
270,17050001,2007-07-01,710.0,646.0,683.0,Óbidos,T,-55.5131,-1.9192
271,17050001,2007-08-01,642.0,514.0,588.0,Óbidos,T,-55.5131,-1.9192
272,17050001,2007-09-01,508.0,253.0,375.0,Óbidos,T,-55.5131,-1.9192
273,17050001,2007-10-01,245.0,112.0,158.0,Óbidos,LW,-55.5131,-1.9192
274,17050001,2007-11-01,192.0,114.0,148.0,Óbidos,LW,-55.5131,-1.9192
275,17050001,2007-12-01,326.0,189.0,256.0,Óbidos,LW,-55.5131,-1.9192
276,17050001,2008-01-01,502.0,330.0,412.0,Óbidos,T,-55.5131,-1.9192
277,17050001,2008-02-01,612.0,505.0,558.0,Óbidos,T,-55.5131,-1.9192
278,17050001,2008-03-01,716.0,619.0,667.0,Óbidos,T,-55.5131,-1.9192
279,17050001,2008-04-01,759.0,716.0,740.0,Óbidos,HW,-55.5131,-1.9192
280,17050001,2008-05-01,784.0,757.0,775.0,Óbidos,HW,-55.5131,-1.9192
281,17050001,2008-06-01,785.0,764.0,777.0,Óbidos,HW,-55.5131,-1.9192
282,17050001,2008-07-01,761.0,666.0,718.0,Óbidos,HW,-55.5131,-1.9192
283,17050001,2008-08-01,665.0,516.0,595.0,Óbidos,T,-55.5131,-1.9192
284,17050001,2008-09-01,508.0,262.0,387.0,Óbidos,T,-55.5131,-1.9192
285,17050001,2008-10-01,257.0,164.0,196.0,Óbidos,LW,-55.5131,-1.9192
286,17050001,2008-11-01,235.0,160.0,195.0,Óbidos,LW,-55.5131,-1.9192
287,17050001,2008-12-01,368.0,238.0,296.0,Óbidos,T,-55.5131,-1.9192
288,17050001,2009-01-01,526.0,374.0,450.0,Óbidos,T,-55.5131,-1.9192
289,17050001,2009-02-01,659.0,533.0,598.0,Óbidos,T,-55.5131,-1.9192
290,17050001,2009-03-01,769.0,665.0,723.0,Óbidos,HW,-55.5131,-1.9192
291,17050001,2009-04-01,829.0,771.0,800.0,Óbidos,HW,-55.5131,-1.9192
292,17050001,2009-05-01,860.0,839.0,850.0,Óbidos,HW,-55.5131,-1.9192
293,17050001,2009-06-01,860.0,839.0,848.0,Óbidos,HW,-55.5131,-1.9192
294,17050001,2009-07-01,837.0,773.0,805.0,Óbidos,HW,-55.5131,-1.9192
295,17050001,2009-08-01,769.0,642.0,710.0,Óbidos,HW,-55.5131,-1.9192
296,17050001,2009-09-01,635.0,407.0,537.0,Óbidos,T,-55.5131,-1.9192
297,17050001,2009-10-01,393.0,130.0,241.0,Óbidos,LW,-55.5131,-1.9192
298,17050001,2009-11-01,139.0,56.0,109.0,Óbidos,LW,-55.5131,-1.9192
299,17050001,2009-12-01,251.0,56.0,130.0,Óbidos,LW,-55.5131,-1.9192
300,17050001,2010-01-01,414.0,261.0,344.0,Óbidos,T,-55.5131,-1.9192
301,17050001,2010-02-01,497.0,419.0,465.0,Óbidos,T,-55.5131,-1.9192
302,17050001,2010-03-01,561.0,500.0,528.0,Óbidos,T,-55.5131,-1.9192
303,17050001,2010-04-01,693.0,566.0,633.0,Óbidos,T,-55.5131,-1.9192
304,17050001,2010-05-01,734.0,696.0,716.0,Óbidos,HW,-55.5131,-1.9192
305,17050001,2010-06-01,730.0,687.0,715.0,Óbidos,HW,-55.5131,-1.9192
306,17050001,2010-07-01,684.0,601.0,645.0,Óbidos,T,-55.5131,-1.9192
307,17050001,2010-08-01,596.0,419.0,519.0,Óbidos,T,-55.5131,-1.9192
308,17050001,2010-09-01,406.0,99.0,245.0,Óbidos,LW,-55.5131,-1.9192
309,17050001,2010-10-01,86.0,3.0,49.0,Óbidos,LW,-55.5131,-1.9192
310,17050001,2010-11-01,57.0,2.0,31.0,Óbidos,LW,-55.5131,-1.9192
311,17050001,2010-12-01,185.0,49.0,121.0,Óbidos,LW,-55.5131,-1.9192
312,17050001,2011-01-01,343.0,188.0,257.0,Óbidos,LW,-55.5131,-1.9192
313,17050001,2011-02-01,508.0,352.0,430.0,Óbidos,T,-55.5131,-1.9192
314,17050001,2011-03-01,643.0,510.0,579.0,Óbidos,T,-55.5131,-1.9192
315,17050001,2011-04-01,747.0,645.0,699.0,Óbidos,HW,-55.5131,-1.9192
316,17050001,2011-05-01,779.0,748.0,767.0,Óbidos,HW,-55.5131,-1.9192
317,17050001,2011-06-01,780.0,745.0,768.0,Óbidos,HW,-55.5131,-1.9192
318,17050001,2011-07-01,744.0,666.0,713.0,Óbidos,HW,-55.5131,-1.9192
319,17050001,2011-08-01,663.0,523.0,600.0,Óbidos,T,-55.5131,-1.9192
320,17050001,2011-09-01,511.0,168.0,347.0,Óbidos,T,-55.5131,-1.9192
321,17050001,2011-10-01,161.0,84.0,109.0,Óbidos,LW,-55.5131,-1.9192
322,17050001,2011-11-01,141.0,110.0,125.0,Óbidos,LW,-55.5131,-1.9192
323,17050001,2011-12-01,270.0,136.0,194.0,Óbidos,LW,-55.5131,-1.9192
324,17050001,2012-01-01,500.0,274.0,383.0,Óbidos,T,-55.5131,-1.9192
325,17050001,2012-02-01,660.0,506.0,583.0,Óbidos,T,-55.5131,-1.9192
326,17050001,2012-03-01,765.0,665.0,722.0,Óbidos,HW,-55.5131,-1.9192
327,17050001,2012-04-01,818.0,766.0,795.0,Óbidos,HW,-55.5131,-1.9192
328,17050001,2012-05-01,843.0,819.0,833.0,Óbidos,HW,-55.5131,-1.9192
329,17050001,2012-06-01,825.0,773.0,806.0,Óbidos,HW,-55.5131,-1.9192
330,17050001,2012-07-01,770.0,703.0,740.0,Óbidos,HW,-55.5131,-1.9192
331,17050001,2012-08-01,699.0,538.0,628.0,Óbidos,T,-55.5131,-1.9192
332,17050001,2012-09-01,532.0,246.0,388.0,Óbidos,T,-55.5131,-1.9192
333,17050001,2012-10-01,236.0,84.0,127.0,Óbidos,LW,-55.5131,-1.9192
334,17050001,2012-11-01,90.0,46.0,70.0,Óbidos,LW,-55.5131,-1.9192
335,17050001,2012-12-01,187.0,55.0,121.0,Óbidos,LW,-55.5131,-1.9192
336,17050001,2013-01-01,413.0,193.0,303.0,Óbidos,T,-55.5131,-1.9192
337,17050001,2013-02-01,565.0,416.0,488.0,Óbidos,T,-55.5131,-1.9192
338,17050001,2013-03-01,712.0,572.0,645.0,Óbidos,T,-55.5131,-1.9192
339,17050001,2013-04-01,773.0,717.0,750.0,Óbidos,HW,-55.5131,-1.9192
340,17050001,2013-05-01,820.0,777.0,803.0,Óbidos,HW,-55.5131,-1.9192
341,17050001,2013-06-01,820.0,770.0,795.0,Óbidos,HW,-55.5131,-1.9192
342,17050001,2013-07-01,770.0,697.0,734.0,Óbidos,HW,-55.5131,-1.9192
343,17050001,2013-08-01,691.0,573.0,633.0,Óbidos,T,-55.5131,-1.9192
344,17050001,2013-09-01,568.0,418.0,503.0,Óbidos,T,-55.5131,-1.9192
345,17050001,2013-10-01,412.0,213.0,311.0,Óbidos,T,-55.5131,-1.9192
346,17050001,2013-11-01,271.0,214.0,243.0,Óbidos,LW,-55.5131,-1.9192
347,17050001,2013-12-01,389.0,278.0,334.0,Óbidos,T,-55.5131,-1.9192
348,17050001,2014-01-01,482.0,396.0,442.0,Óbidos,T,-55.5131,-1.9192
349,17050001,2014-02-01,598.0,487.0,545.0,Óbidos,T,-55.5131,-1.9192
350,17050001,2014-03-01,741.0,601.0,677.0,Óbidos,T,-55.5131,-1.9192
351,17050001,2014-04-01,812.0,746.0,781.0,Óbidos,HW,-55.5131,-1.9192
352,17050001,2014-05-01,840.0,815.0,832.0,Óbidos,HW,-55.5131,-1.9192
353,17050001,2014-06-01,840.0,810.0,828.0,Óbidos,HW,-55.5131,-1.9192
354,17050001,2014-07-01,810.0,762.0,789.0,Óbidos,HW,-55.5131,-1.9192
355,17050001,2014-08-01,759.0,650.0,710.0,Óbidos,HW,-55.5131,-1.9192
356,17050001,2014-09-01,645.0,462.0,560.0,Óbidos,T,-55.5131,-1.9192
357,17050001,2014-10-01,453.0,232.0,335.0,Óbidos,T,-55.5131,-1.9192
358,17050001,2014-11-01,255.0,225.0,236.0,Óbidos,LW,-55.5131,-1.9192
359,17050001,2014-12-01,338.0,256.0,300.0,Óbidos,T,-55.5131,-1.9192
360,17050001,2015-01-01,449.0,339.0,388.0,Óbidos,T,-55.5131,-1.9192
361,17050001,2015-02-01,566.0,453.0,511.0,Óbidos,T,-55.5131,-1.9192
362,17050001,2015-03-01,687.0,568.0,628.0,Óbidos,T,-55.5131,-1.9192
363,17050001,2015-04-01,764.0,694.0,735.0,Óbidos,HW,-55.5131,-1.9192
364,17050001,2015-05-01,818.0,766.0,800.0,Óbidos,HW,-55.5131,-1.9192
365,17050001,2015-06-01,816.0,798.0,809.0,Óbidos,HW,-55.5131,-1.9192
366,17050001,2015-07-01,797.0,749.0,776.0,Óbidos,HW,-55.5131,-1.9192
367,17050001,2015-08-01,747.0,649.0,703.0,Óbidos,HW,-55.5131,-1.9192
368,17050001,2015-09-01,646.0,468.0,566.0,Óbidos,T,-55.5131,-1.9192
369,17050001,2015-10-01,458.0,74.0,244.0,Óbidos,LW,-55.5131,-1.9192
370,17050001,2015-11-01,84.0,46.0,61.0,Óbidos,LW,-55.5131,-1.9192
371,17050001,2015-12-01,113.0,66.0,89.0,Óbidos,LW,-55.5131,-1.9192
372,17050001,2016-01-01,253.0,103.0,179.0,Óbidos,LW,-55.5131,-1.9192
373,17050001,2016-02-01,281.0,249.0,268.0,Óbidos,T,-55.5131,-1.9192
374,17050001,2016-03-01,482.0,279.0,372.0,Óbidos,T,-55.5131,-1.9192
375,17050001,2016-04-01,583.0,488.0,547.0,Óbidos,T,-55.5131,-1.9192
376,17050001,2016-05-01,627.0,585.0,614.0,Óbidos,T,-55.5131,-1.9192
377,17050001,2016-06-01,630.0,618.0,624.0,Óbidos,T,-55.5131,-1.9192
378,17050001,2016-07-01,615.0,571.0,599.0,Óbidos,T,-55.5131,-1.9192
379,17050001,2016-08-01,569.0,468.0,523.0,Óbidos,T,-55.5131,-1.9192
380,17050001,2016-09-01,463.0,232.0,360.0,Óbidos,T,-55.5131,-1.9192
381,17050001,2016-10-01,222.0,121.0,152.0,Óbidos,LW,-55.5131,-1.9192
382,17050001,2016-11-01,146.0,123.0,130.0,Óbidos,LW,-55.5131,-1.9192
383,17050001,2016-12-01,219.0,106.0,136.0,Óbidos,LW,-55.5131,-1.9192
384,17050001,2017-01-01,461.0,233.0,350.0,Óbidos,T,-55.5131,-1.9192
385,17050001,2017-02-01,612.0,468.0,546.0,Óbidos,T,-55.5131,-1.9192
386,17050001,2017-03-01,725.0,616.0,677.0,Óbidos,T,-55.5131,-1.9192
387,17050001,2017-04-01,784.0,729.0,758.0,Óbidos,HW,-55.5131,-1.9192
388,17050001,2017-05-01,796.0,774.0,787.0,Óbidos,HW,-55.5131,-1.9192
389,17050001,2017-06-01,774.0,730.0,752.0,Óbidos,HW,-55.5131,-1.9192
390,17050001,2017-07-01,727.0,651.0,691.0,Óbidos,T,-55.5131,-1.9192
391,17050001,2017-08-01,647.0,475.0,574.0,Óbidos,T,-55.5131,-1.9192
392,17050001,2017-09-01,466.0,152.0,309.0,Óbidos,T,-55.5131,-1.9192
393,17050001,2017-10-01,140.0,97.0,117.0,Óbidos,LW,-55.5131,-1.9192
394,17050001,2017-11-01,179.0,95.0,143.0,Óbidos,LW,-55.5131,-1.9192
395,17050001,2017-12-01,272.0,184.0,224.0,Óbidos,LW,-55.5131,-1.9192
396,17050001,2018-01-01,417.0,279.0,354.0,Óbidos,T,-55.5131,-1.9192
397,17050001,2018-02-01,561.0,422.0,493.0,Óbidos,T,-55.5131,-1.9192
398,17050001,2018-03-01,600.0,564.0,588.0,Óbidos,T,-55.5131,-1.9192
399,17050001,2018-04-01,685.0,603.0,646.0,Óbidos,T,-55.5131,-1.9192
400,17050001,2018-05-01,730.0,687.0,711.0,Óbidos,HW,-55.5131,-1.9192
401,17050001,2018-06-01,732.0,716.0,727.0,Óbidos,HW,-55.5131,-1.9192
402,17050001,2018-07-01,714.0,665.0,692.0,Óbidos,T,-55.5131,-1.9192
403,17050001,2018-08-01,663.0,553.0,612.0,Óbidos,T,-55.5131,-1.9192
404,17050001,2018-09-01,548.0,388.0,475.0,Óbidos,T,-55.5131,-1.9192
405,17050001,2018-10-01,380.0,105.0,230.0,Óbidos,LW,-55.5131,-1.9192
406,17050001,2018-11-01,162.0,90.0,112.0,Óbidos,LW,-55.5131,-1.9192
407,17050001,2018-12-01,407.0,170.0,301.0,Óbidos,T,-55.5131,-1.9192
408,17050001,2019-01-01,529.0,410.0,473.0,Óbidos,T,-55.5131,-1.9192
409,17050001,2019-02-01,634.0,530.0,577.0,Óbidos,T,-55.5131,-1.9192
410,17050001,2019-03-01,700.0,636.0,668.0,Óbidos,T,-55.5131,-1.9192
411,17050001,2019-04-01,764.0,698.0,733.0,Óbidos,HW,-55.5131,-1.9192
412,17050001,2019-05-01,800.0,765.0,783.0,Óbidos,HW,-55.5131,-1.9192
413,17050001,2019-06-01,808.0,782.0,800.0,Óbidos,HW,-55.5131,-1.9192
414,17050001,2019-07-01,780.0,707.0,752.0,Óbidos,HW,-55.5131,-1.9192
415,17050001,2019-08-01,705.0,597.0,658.0,Óbidos,T,-55.5131,-1.9192
416,17050001,2019-09-01,593.0,383.0,503.0,Óbidos,T,-55.5131,-1.9192
417,17050001,2019-10-01,372.0,164.0,235.0,Óbidos,LW,-55.5131,-1.9192
418,17050001,2019-11-01,253.0,170.0,198.0,Óbidos,LW,-55.5131,-1.9192
419,17050001,2019-12-01,401.0,257.0,319.0,Óbidos,T,-55.5131,-1.9192
420,17050001,2020-01-01,516.0,405.0,472.0,Óbidos,T,-55.5131,-1.9192
421,17050001,2020-02-01,562.0,512.0,535.0,Óbidos,T,-55.5131,-1.9192
422,17050001,2020-03-01,644.0,565.0,601.0,Óbidos,T,-55.5131,-1.9192
423,17050001,2020-04-01,712.0,645.0,678.0,Óbidos,T,-55.5131,-1.9192
424,17050001,2020-05-01,759.0,714.0,742.0,Óbidos,HW,-55.5131,-1.9192
425,17050001,2020-06-01,764.0,736.0,754.0,Óbidos,HW,-55.5131,-1.9192
426,17050001,2020-07-01,733.0,659.0,700.0,Óbidos,HW,-55.5131,-1.9192
427,17050001,2020-08-01,657.0,530.0,601.0,Óbidos,T,-55.5131,-1.9192
428,17050001,2020-09-01,526.0,211.0,385.0,Óbidos,T,-55.5131,-1.9192
429,17050001,2020-10-01,200.0,80.0,116.0,Óbidos,LW,-55.5131,-1.9192
430,17050001,2020-11-01,111.0,62.0,85.0,Óbidos,LW,-55.5131,-1.9192
431,17050001,2020-12-01,288.0,119.0,191.0,Óbidos,LW,-55.5131,-1.9192
432,17050001,2021-01-01,510.0,296.0,407.0,Óbidos,T,-55.5131,-1.9192
433,17050001,2021-02-01,633.0,515.0,574.0,Óbidos,T,-55.5131,-1.9192
434,17050001,2021-03-01,749.0,641.0,701.0,Óbidos,HW,-55.5131,-1.9192
435,17050001,2021-04-01,812.0,756.0,781.0,Óbidos,HW,-55.5131,-1.9192
436,17050001,2021-05-01,850.0,818.0,840.0,Óbidos,HW,-55.5131,-1.9192
437,17050001,2021-06-01,846.0,824.0,833.0,Óbidos,HW,-55.5131,-1.9192
438,17050001,2021-07-01,821.0,758.0,793.0,Óbidos,HW,-55.5131,-1.9192
439,17050001,2021-08-01,755.0,640.0,698.0,Óbidos,HW,-55.5131,-1.9192
440,17050001,2021-09-01,635.0,432.0,543.0,Óbidos,T,-55.5131,-1.9192
441,17050001,2021-10-01,421.0,223.0,317.0,Óbidos,T,-55.5131,-1.9192
442,17050001,2021-11-01,296.0,218.0,247.0,Óbidos,LW,-55.5131,-1.9192
443,17050001,2021-12-01,477.0,301.0,392.0,Óbidos,T,-55.5131,-1.9192
444,17050001,2022-01-01,573.0,486.0,550.0,Óbidos,T,-55.5131,-1.9192
445,17050001,2022-02-01,617.0,572.0,586.0,Óbidos,T,-55.5131,-1.9192
446,17050001,2022-03-01,755.0,620.0,677.0,Óbidos,T,-55.5131,-1.9192
447,17050001,2022-04-01,831.0,757.0,805.0,Óbidos,HW,-55.5131,-1.9192
448,17050001,2022-05-01,844.0,829.0,837.0,Óbidos,HW,-55.5131,-1.9192
449,17050001,2022-06-01,830.0,808.0,824.0,Óbidos,HW,-55.5131,-1.9192
450,17050001,2022-07-01,805.0,729.0,774.0,Óbidos,HW,-55.5131,-1.9192
451,17050001,2022-08-01,726.0,611.0,673.0,Óbidos,T,-55.5131,-1.9192
452,17050001,2022-09-01,609.0,385.0,512.0,Óbidos,T,-55.5131,-1.9192
453,17050001,2022-10-01,375.0,92.0,201.0,Óbidos,LW,-55.5131,-1.9192
454,17050001,2022-11-01,167.0,82.0,129.0,Óbidos,LW,-55.5131,-1.9192
455,17050001,2022-12-01,233.0,159.0,196.0,Óbidos,LW,-55.5131,-1.9192
456,17050001,2023-01-01,383.0,237.0,307.0,Óbidos,T,-55.5131,-1.9192
457,17050001,2023-02-01,562.0,384.0,471.0,Óbidos,T,-55.5131,-1.9192
458,17050001,2023-03-01,678.0,565.0,625.0,Óbidos,T,-55.5131,-1.9192
459,17050001,2023-04-01,740.0,681.0,716.0,Óbidos,HW,-55.5131,-1.9192
460,17050001,2023-05-01,764.0,742.0,756.0,Óbidos,HW,-55.5131,-1.9192
461,17050001,2023-06-01,750.0,715.0,738.0,Óbidos,HW,-55.5131,-1.9192
462,17050001,2023-07-01,712.0,625.0,678.0,Óbidos,T,-55.5131,-1.9192
463,17050001,2023-08-01,623.0,468.0,557.0,Óbidos,T,-55.5131,-1.9192
464,17050001,2023-09-01,462.0,100.0,298.0,Óbidos,T,-55.5131,-1.9192
465,17050001,2023-10-01,92.0,-92.0,-27.0,Óbidos,LW,-55.5131,-1.9192
466,17050001,2023-11-01,-18.0,-90.0,-67.0,Óbidos,LW,-55.5131,-1.9192
467,17050001,2023-12-01,156.0,-29.0,47.0,Óbidos,LW,-55.5131,-1.9192
468,17050001,2024-01-01,318.0,160.0,251.0,Óbidos,LW,-55.5131,-1.9192
469,17050001,2024-02-01,412.0,320.0,370.0,Óbidos,T,-55.5131,-1.9192
470,17050001,2024-03-01,510.0,414.0,467.0,Óbidos,T,-55.5131,-1.9192
471,17050001,2024-04-01,628.0,510.0,570.0,Óbidos,T,-55.5131,-1.9192
472,17050001,2024-05-01,656.0,630.0,645.0,Óbidos,T,-55.5131,-1.9192
473,17050001,2024-06-01,654.0,620.0,641.0,Óbidos,T,-55.5131,-1.9192
474,17050001,2024-07-01,620.0,526.0,578.0,Óbidos,T,-55.5131,-1.9192
475,17050001,2024-08-01,522.0,284.0,422.0,Óbidos,T,-55.5131,-1.9192
476,17050001,2024-09-01,274.0,-64.0,96.0,Óbidos,LW,-55.5131,-1.9192
477,17050001,2024-10-01,-64.0,-128.0,-94.0,Óbidos,LW,-55.5131,-1.9192
478,17050001,2024-11-01,-20.0,-124.0,-70.0,Óbidos,LW,-55.5131,-1.9192
479,17050001,2024-12-01,156.0,-16.0,56.0,Óbidos,LW,-55.5131,-1.9192
480,17050001,2025-01-01,412.0,160.0,299.0,Óbidos,T,-55.5131,-1.9192
481,17050001,2025-02-01,546.0,416.0,479.0,Óbidos,T,-55.5131,-1.9192
482,17050001,2025-03-01,684.0,548.0,625.0,Óbidos,T,-55.5131,-1.9192
483,17050001,2025-04-01,758.0,686.0,724.0,Óbidos,HW,-55.5131,-1.9192
484,17050001,2025-05-01,778.0,760.0,773.0,Óbidos,HW,-55.5131,-1.9192
485,17050001,2025-06-01,778.0,764.0,772.0,Óbidos,HW,-55.5131,-1.9192
486,17050001,2025-07-01,766.0,724.0,749.0,Óbidos,HW,-55.5131,-1.9192
