system:index,area_km2,class,class_name,watershed,year,.geo
1_1_1_1_1_1_1_1_1_1_1_1_1_1_1_1_1_1_1_1_1_1_1_1_1_1_1_1_1_1_1_1_1_1_1_1_1_1_1_2_0,32.45085285821534,0,Unknown,Curuai - Regional Watershed,1985,"{""type"":""MultiPoint"",""coordinates"":[]}"
1_1_1_1_1_1_1_1_1_1_1_1_1_1_1_1_1_1_1_1_1_1_1_1_1_1_1_1_1_1_1_1_1_1_1_1_1_1_1_2_1,292439.0961667957,3,Forest Formation,Curuai - Regional Watershed,1985,"{""type"":""MultiPoint"",""coordinates"":[]}"
1_1_1_1_1_1_1_1_1_1_1_1_1_1_1_1_1_1_1_1_1_1_1_1_1_1_1_1_1_1_1_1_1_1_1_1_1_1_1_2_2,560.6802081064425,4,Savanna Formation,Curuai - Regional Watershed,1985,"{""type"":""MultiPoint"",""coordinates"":[]}"
1_1_1_1_1_1_1_1_1_1_1_1_1_1_1_1_1_1_1_1_1_1_1_1_1_1_1_1_1_1_1_1_1_1_1_1_1_1_1_2_3,18632.60656910528,6,Unknown,Curuai - Regional Watershed,1985,"{""type"":""MultiPoint"",""coordinates"":[]}"
1_1_1_1_1_1_1_1_1_1_1_1_1_1_1_1_1_1_1_1_1_1_1_1_1_1_1_1_1_1_1_1_1_1_1_1_1_1_1_2_4,8032.935895154718,11,Wetland,Curuai - Regional Watershed,1985,"{""type"":""MultiPoint"",""coordinates"":[]}"
1_1_1_1_1_1_1_1_1_1_1_1_1_1_1_1_1_1_1_1_1_1_1_1_1_1_1_1_1_1_1_1_1_1_1_1_1_1_1_2_5,4452.762337418803,12,Grassland,Curuai - Regional Watershed,1985,"{""type"":""MultiPoint"",""coordinates"":[]}"
1_1_1_1_1_1_1_1_1_1_1_1_1_1_1_1_1_1_1_1_1_1_1_1_1_1_1_1_1_1_1_1_1_1_1_1_1_1_1_2_6,1570.7530756068115,15,Pasture,Curuai - Regional Watershed,1985,"{""type"":""MultiPoint"",""coordinates"":[]}"
1_1_1_1_1_1_1_1_1_1_1_1_1_1_1_1_1_1_1_1_1_1_1_1_1_1_1_1_1_1_1_1_1_1_1_1_1_1_1_2_7,66.43713718852126,24,Urban Infrastructure,Curuai - Regional Watershed,1985,"{""type"":""MultiPoint"",""coordinates"":[]}"
1_1_1_1_1_1_1_1_1_1_1_1_1_1_1_1_1_1_1_1_1_1_1_1_1_1_1_1_1_1_1_1_1_1_1_1_1_1_1_2_8,211.407499604053,25,Other Non Vegetated,Curuai - Regional Watershed,1985,"{""type"":""MultiPoint"",""coordinates"":[]}"
1_1_1_1_1_1_1_1_1_1_1_1_1_1_1_1_1_1_1_1_1_1_1_1_1_1_1_1_1_1_1_1_1_1_1_1_1_1_1_2_9,165.54598006899187,29,Rocky outcrop,Curuai - Regional Watershed,1985,"{""type"":""MultiPoint"",""coordinates"":[]}"
1_1_1_1_1_1_1_1_1_1_1_1_1_1_1_1_1_1_1_1_1_1_1_1_1_1_1_1_1_1_1_1_1_1_1_1_1_1_1_2_10,22.77190787069731,30,Mining,Curuai - Regional Watershed,1985,"{""type"":""MultiPoint"",""coordinates"":[]}"
1_1_1_1_1_1_1_1_1_1_1_1_1_1_1_1_1_1_1_1_1_1_1_1_1_1_1_1_1_1_1_1_1_1_1_1_1_1_1_2_11,16028.859171015773,33,"River, Lake and Ocean",Curuai - Regional Watershed,1985,"{""type"":""MultiPoint"",""coordinates"":[]}"
1_1_1_1_1_1_1_1_1_1_1_1_1_1_1_1_1_1_1_1_1_1_1_1_1_1_1_1_1_1_1_1_1_1_1_1_1_1_1_2_12,0.10101109405517572,35,Unknown,Curuai - Regional Watershed,1985,"{""type"":""MultiPoint"",""coordinates"":[]}"
1_1_1_1_1_1_1_1_1_1_1_1_1_1_1_1_1_1_1_1_1_1_1_1_1_1_1_1_1_1_1_1_1_1_1_1_1_1_1_2_13,0.0785945892944336,41,Mosaic of Crops,Curuai - Regional Watershed,1985,"{""type"":""MultiPoint"",""coordinates"":[]}"
1_1_1_1_1_1_1_1_1_1_1_1_1_1_1_1_1_1_1_1_1_1_1_1_1_1_1_1_1_1_1_1_1_1_1_1_1_1_2_0,30.695771802700154,0,Unknown,Curuai - Regional Watershed,1986,"{""type"":""MultiPoint"",""coordinates"":[]}"
1_1_1_1_1_1_1_1_1_1_1_1_1_1_1_1_1_1_1_1_1_1_1_1_1_1_1_1_1_1_1_1_1_1_1_1_1_1_2_1,292467.02301342296,3,Forest Formation,Curuai - Regional Watershed,1986,"{""type"":""MultiPoint"",""coordinates"":[]}"
1_1_1_1_1_1_1_1_1_1_1_1_1_1_1_1_1_1_1_1_1_1_1_1_1_1_1_1_1_1_1_1_1_1_1_1_1_1_2_2,560.6060146486177,4,Savanna Formation,Curuai - Regional Watershed,1986,"{""type"":""MultiPoint"",""coordinates"":[]}"
1_1_1_1_1_1_1_1_1_1_1_1_1_1_1_1_1_1_1_1_1_1_1_1_1_1_1_1_1_1_1_1_1_1_1_1_1_1_2_3,18580.082176419575,6,Unknown,Curuai - Regional Watershed,1986,"{""type"":""MultiPoint"",""coordinates"":[]}"
1_1_1_1_1_1_1_1_1_1_1_1_1_1_1_1_1_1_1_1_1_1_1_1_1_1_1_1_1_1_1_1_1_1_1_1_1_1_2_4,7993.070958294442,11,Wetland,Curuai - Regional Watershed,1986,"{""type"":""MultiPoint"",""coordinates"":[]}"
1_1_1_1_1_1_1_1_1_1_1_1_1_1_1_1_1_1_1_1_1_1_1_1_1_1_1_1_1_1_1_1_1_1_1_1_1_1_2_5,4454.022968491492,12,Grassland,Curuai - Regional Watershed,1986,"{""type"":""MultiPoint"",""coordinates"":[]}"
1_1_1_1_1_1_1_1_1_1_1_1_1_1_1_1_1_1_1_1_1_1_1_1_1_1_1_1_1_1_1_1_1_1_1_1_1_1_2_6,1498.4083871935986,15,Pasture,Curuai - Regional Watershed,1986,"{""type"":""MultiPoint"",""coordinates"":[]}"
1_1_1_1_1_1_1_1_1_1_1_1_1_1_1_1_1_1_1_1_1_1_1_1_1_1_1_1_1_1_1_1_1_1_1_1_1_1_2_7,68.58623716533563,24,Urban Infrastructure,Curuai - Regional Watershed,1986,"{""type"":""MultiPoint"",""coordinates"":[]}"
1_1_1_1_1_1_1_1_1_1_1_1_1_1_1_1_1_1_1_1_1_1_1_1_1_1_1_1_1_1_1_1_1_1_1_1_1_1_2_8,215.06613680906636,25,Other Non Vegetated,Curuai - Regional Watershed,1986,"{""type"":""MultiPoint"",""coordinates"":[]}"
1_1_1_1_1_1_1_1_1_1_1_1_1_1_1_1_1_1_1_1_1_1_1_1_1_1_1_1_1_1_1_1_1_1_1_1_1_1_2_9,165.5459800689918,29,Rocky outcrop,Curuai - Regional Watershed,1986,"{""type"":""MultiPoint"",""coordinates"":[]}"
1_1_1_1_1_1_1_1_1_1_1_1_1_1_1_1_1_1_1_1_1_1_1_1_1_1_1_1_1_1_1_1_1_1_1_1_1_1_2_10,25.612017761055075,30,Mining,Curuai - Regional Watershed,1986,"{""type"":""MultiPoint"",""coordinates"":[]}"
1_1_1_1_1_1_1_1_1_1_1_1_1_1_1_1_1_1_1_1_1_1_1_1_1_1_1_1_1_1_1_1_1_1_1_1_1_1_2_11,16157.693506958229,33,"River, Lake and Ocean",Curuai - Regional Watershed,1986,"{""type"":""MultiPoint"",""coordinates"":[]}"
1_1_1_1_1_1_1_1_1_1_1_1_1_1_1_1_1_1_1_1_1_1_1_1_1_1_1_1_1_1_1_1_1_1_1_1_1_1_2_12,0.0732374417114258,41,Mosaic of Crops,Curuai - Regional Watershed,1986,"{""type"":""MultiPoint"",""coordinates"":[]}"
1_1_1_1_1_1_1_1_1_1_1_1_1_1_1_1_1_1_1_1_1_1_1_1_1_1_1_1_1_1_1_1_1_1_1_1_1_2_0,33.10906404995356,0,Unknown,Curuai - Regional Watershed,1987,"{""type"":""MultiPoint"",""coordinates"":[]}"
1_1_1_1_1_1_1_1_1_1_1_1_1_1_1_1_1_1_1_1_1_1_1_1_1_1_1_1_1_1_1_1_1_1_1_1_1_2_1,292298.89871953096,3,Forest Formation,Curuai - Regional Watershed,1987,"{""type"":""MultiPoint"",""coordinates"":[]}"
1_1_1_1_1_1_1_1_1_1_1_1_1_1_1_1_1_1_1_1_1_1_1_1_1_1_1_1_1_1_1_1_1_1_1_1_1_2_2,559.7356093316237,4,Savanna Formation,Curuai - Regional Watershed,1987,"{""type"":""MultiPoint"",""coordinates"":[]}"
1_1_1_1_1_1_1_1_1_1_1_1_1_1_1_1_1_1_1_1_1_1_1_1_1_1_1_1_1_1_1_1_1_1_1_1_1_2_3,18516.01431915223,6,Unknown,Curuai - Regional Watershed,1987,"{""type"":""MultiPoint"",""coordinates"":[]}"
1_1_1_1_1_1_1_1_1_1_1_1_1_1_1_1_1_1_1_1_1_1_1_1_1_1_1_1_1_1_1_1_1_1_1_1_1_2_4,7628.405187341842,11,Wetland,Curuai - Regional Watershed,1987,"{""type"":""MultiPoint"",""coordinates"":[]}"
1_1_1_1_1_1_1_1_1_1_1_1_1_1_1_1_1_1_1_1_1_1_1_1_1_1_1_1_1_1_1_1_1_1_1_1_1_2_5,4451.162725277261,12,Grassland,Curuai - Regional Watershed,1987,"{""type"":""MultiPoint"",""coordinates"":[]}"
1_1_1_1_1_1_1_1_1_1_1_1_1_1_1_1_1_1_1_1_1_1_1_1_1_1_1_1_1_1_1_1_1_1_1_1_1_2_6,1699.0631490543565,15,Pasture,Curuai - Regional Watershed,1987,"{""type"":""MultiPoint"",""coordinates"":[]}"
1_1_1_1_1_1_1_1_1_1_1_1_1_1_1_1_1_1_1_1_1_1_1_1_1_1_1_1_1_1_1_1_1_1_1_1_1_2_7,70.57421544049366,24,Urban Infrastructure,Curuai - Regional Watershed,1987,"{""type"":""MultiPoint"",""coordinates"":[]}"
1_1_1_1_1_1_1_1_1_1_1_1_1_1_1_1_1_1_1_1_1_1_1_1_1_1_1_1_1_1_1_1_1_1_1_1_1_2_8,219.58847159818612,25,Other Non Vegetated,Curuai - Regional Watershed,1987,"{""type"":""MultiPoint"",""coordinates"":[]}"
1_1_1_1_1_1_1_1_1_1_1_1_1_1_1_1_1_1_1_1_1_1_1_1_1_1_1_1_1_1_1_1_1_1_1_1_1_2_9,165.54598006899184,29,Rocky outcrop,Curuai - Regional Watershed,1987,"{""type"":""MultiPoint"",""coordinates"":[]}"
1_1_1_1_1_1_1_1_1_1_1_1_1_1_1_1_1_1_1_1_1_1_1_1_1_1_1_1_1_1_1_1_1_1_1_1_1_2_10,29.03611557804099,30,Mining,Curuai - Regional Watershed,1987,"{""type"":""MultiPoint"",""coordinates"":[]}"
1_1_1_1_1_1_1_1_1_1_1_1_1_1_1_1_1_1_1_1_1_1_1_1_1_1_1_1_1_1_1_1_1_1_1_1_1_2_11,0.08125388342285156,31,Aquaculture,Curuai - Regional Watershed,1987,"{""type"":""MultiPoint"",""coordinates"":[]}"
1_1_1_1_1_1_1_1_1_1_1_1_1_1_1_1_1_1_1_1_1_1_1_1_1_1_1_1_1_1_1_1_1_1_1_1_1_2_12,16545.2662336613,33,"River, Lake and Ocean",Curuai - Regional Watershed,1987,"{""type"":""MultiPoint"",""coordinates"":[]}"
1_1_1_1_1_1_1_1_1_1_1_1_1_1_1_1_1_1_1_1_1_1_1_1_1_1_1_1_1_1_1_1_1_1_1_1_1_2_13,0.005362509216308594,35,Unknown,Curuai - Regional Watershed,1987,"{""type"":""MultiPoint"",""coordinates"":[]}"
1_1_1_1_1_1_1_1_1_1_1_1_1_1_1_1_1_1_1_1_1_1_1_1_1_1_1_1_1_1_1_1_1_1_1_1_2_0,30.38906839282226,0,Unknown,Curuai - Regional Watershed,1988,"{""type"":""MultiPoint"",""coordinates"":[]}"
1_1_1_1_1_1_1_1_1_1_1_1_1_1_1_1_1_1_1_1_1_1_1_1_1_1_1_1_1_1_1_1_1_1_1_1_2_1,292234.6923911335,3,Forest Formation,Curuai - Regional Watershed,1988,"{""type"":""MultiPoint"",""coordinates"":[]}"
1_1_1_1_1_1_1_1_1_1_1_1_1_1_1_1_1_1_1_1_1_1_1_1_1_1_1_1_1_1_1_1_1_1_1_1_2_2,558.319418657246,4,Savanna Formation,Curuai - Regional Watershed,1988,"{""type"":""MultiPoint"",""coordinates"":[]}"
1_1_1_1_1_1_1_1_1_1_1_1_1_1_1_1_1_1_1_1_1_1_1_1_1_1_1_1_1_1_1_1_1_1_1_1_2_3,18508.302550504577,6,Unknown,Curuai - Regional Watershed,1988,"{""type"":""MultiPoint"",""coordinates"":[]}"
1_1_1_1_1_1_1_1_1_1_1_1_1_1_1_1_1_1_1_1_1_1_1_1_1_1_1_1_1_1_1_1_1_1_1_1_2_4,7348.0200659047505,11,Wetland,Curuai - Regional Watershed,1988,"{""type"":""MultiPoint"",""coordinates"":[]}"
1_1_1_1_1_1_1_1_1_1_1_1_1_1_1_1_1_1_1_1_1_1_1_1_1_1_1_1_1_1_1_1_1_1_1_1_2_5,4444.37451131457,12,Grassland,Curuai - Regional Watershed,1988,"{""type"":""MultiPoint"",""coordinates"":[]}"
1_1_1_1_1_1_1_1_1_1_1_1_1_1_1_1_1_1_1_1_1_1_1_1_1_1_1_1_1_1_1_1_1_1_1_1_2_6,1744.193008273779,15,Pasture,Curuai - Regional Watershed,1988,"{""type"":""MultiPoint"",""coordinates"":[]}"
1_1_1_1_1_1_1_1_1_1_1_1_1_1_1_1_1_1_1_1_1_1_1_1_1_1_1_1_1_1_1_1_1_1_1_1_2_7,75.03412584502782,24,Urban Infrastructure,Curuai - Regional Watershed,1988,"{""type"":""MultiPoint"",""coordinates"":[]}"
1_1_1_1_1_1_1_1_1_1_1_1_1_1_1_1_1_1_1_1_1_1_1_1_1_1_1_1_1_1_1_1_1_1_1_1_2_8,218.02217915741235,25,Other Non Vegetated,Curuai - Regional Watershed,1988,"{""type"":""MultiPoint"",""coordinates"":[]}"
1_1_1_1_1_1_1_1_1_1_1_1_1_1_1_1_1_1_1_1_1_1_1_1_1_1_1_1_1_1_1_1_1_1_1_1_2_9,165.5459800689918,29,Rocky outcrop,Curuai - Regional Watershed,1988,"{""type"":""MultiPoint"",""coordinates"":[]}"
1_1_1_1_1_1_1_1_1_1_1_1_1_1_1_1_1_1_1_1_1_1_1_1_1_1_1_1_1_1_1_1_1_1_1_1_2_10,35.2822413818277,30,Mining,Curuai - Regional Watershed,1988,"{""type"":""MultiPoint"",""coordinates"":[]}"
1_1_1_1_1_1_1_1_1_1_1_1_1_1_1_1_1_1_1_1_1_1_1_1_1_1_1_1_1_1_1_1_1_1_1_1_2_11,0.20535174188232408,31,Aquaculture,Curuai - Regional Watershed,1988,"{""type"":""MultiPoint"",""coordinates"":[]}"
1_1_1_1_1_1_1_1_1_1_1_1_1_1_1_1_1_1_1_1_1_1_1_1_1_1_1_1_1_1_1_1_1_1_1_1_2_12,16854.075122032842,33,"River, Lake and Ocean",Curuai - Regional Watershed,1988,"{""type"":""MultiPoint"",""coordinates"":[]}"
1_1_1_1_1_1_1_1_1_1_1_1_1_1_1_1_1_1_1_1_1_1_1_1_1_1_1_1_1_1_1_1_1_1_1_1_2_13,0.03039207049560545,35,Unknown,Curuai - Regional Watershed,1988,"{""type"":""MultiPoint"",""coordinates"":[]}"
1_1_1_1_1_1_1_1_1_1_1_1_1_1_1_1_1_1_1_1_1_1_1_1_1_1_1_1_1_1_1_1_1_1_1_2_0,24.178129978698728,0,Unknown,Curuai - Regional Watershed,1989,"{""type"":""MultiPoint"",""coordinates"":[]}"
1_1_1_1_1_1_1_1_1_1_1_1_1_1_1_1_1_1_1_1_1_1_1_1_1_1_1_1_1_1_1_1_1_1_1_2_1,292206.6462958114,3,Forest Formation,Curuai - Regional Watershed,1989,"{""type"":""MultiPoint"",""coordinates"":[]}"
1_1_1_1_1_1_1_1_1_1_1_1_1_1_1_1_1_1_1_1_1_1_1_1_1_1_1_1_1_1_1_1_1_1_1_2_2,558.2362637984202,4,Savanna Formation,Curuai - Regional Watershed,1989,"{""type"":""MultiPoint"",""coordinates"":[]}"
1_1_1_1_1_1_1_1_1_1_1_1_1_1_1_1_1_1_1_1_1_1_1_1_1_1_1_1_1_1_1_1_1_1_1_2_3,18420.93603977464,6,Unknown,Curuai - Regional Watershed,1989,"{""type"":""MultiPoint"",""coordinates"":[]}"
1_1_1_1_1_1_1_1_1_1_1_1_1_1_1_1_1_1_1_1_1_1_1_1_1_1_1_1_1_1_1_1_1_1_1_2_4,7161.842561568813,11,Wetland,Curuai - Regional Watershed,1989,"{""type"":""MultiPoint"",""coordinates"":[]}"
1_1_1_1_1_1_1_1_1_1_1_1_1_1_1_1_1_1_1_1_1_1_1_1_1_1_1_1_1_1_1_1_1_1_1_2_5,4440.628515539629,12,Grassland,Curuai - Regional Watershed,1989,"{""type"":""MultiPoint"",""coordinates"":[]}"
1_1_1_1_1_1_1_1_1_1_1_1_1_1_1_1_1_1_1_1_1_1_1_1_1_1_1_1_1_1_1_1_1_1_1_2_6,1655.5537121916875,15,Pasture,Curuai - Regional Watershed,1989,"{""type"":""MultiPoint"",""coordinates"":[]}"
1_1_1_1_1_1_1_1_1_1_1_1_1_1_1_1_1_1_1_1_1_1_1_1_1_1_1_1_1_1_1_1_1_1_1_2_7,81.275860259404,24,Urban Infrastructure,Curuai - Regional Watershed,1989,"{""type"":""MultiPoint"",""coordinates"":[]}"
1_1_1_1_1_1_1_1_1_1_1_1_1_1_1_1_1_1_1_1_1_1_1_1_1_1_1_1_1_1_1_1_1_1_1_2_8,209.54332698364908,25,Other Non Vegetated,Curuai - Regional Watershed,1989,"{""type"":""MultiPoint"",""coordinates"":[]}"
1_1_1_1_1_1_1_1_1_1_1_1_1_1_1_1_1_1_1_1_1_1_1_1_1_1_1_1_1_1_1_1_1_1_1_2_9,165.5459800689918,29,Rocky outcrop,Curuai - Regional Watershed,1989,"{""type"":""MultiPoint"",""coordinates"":[]}"
1_1_1_1_1_1_1_1_1_1_1_1_1_1_1_1_1_1_1_1_1_1_1_1_1_1_1_1_1_1_1_1_1_1_1_2_10,40.545770134934045,30,Mining,Curuai - Regional Watershed,1989,"{""type"":""MultiPoint"",""coordinates"":[]}"
1_1_1_1_1_1_1_1_1_1_1_1_1_1_1_1_1_1_1_1_1_1_1_1_1_1_1_1_1_1_1_1_1_1_1_2_11,0.215173761779785,31,Aquaculture,Curuai - Regional Watershed,1989,"{""type"":""MultiPoint"",""coordinates"":[]}"
1_1_1_1_1_1_1_1_1_1_1_1_1_1_1_1_1_1_1_1_1_1_1_1_1_1_1_1_1_1_1_1_1_1_1_2_12,17251.141388872802,33,"River, Lake and Ocean",Curuai - Regional Watershed,1989,"{""type"":""MultiPoint"",""coordinates"":[]}"
1_1_1_1_1_1_1_1_1_1_1_1_1_1_1_1_1_1_1_1_1_1_1_1_1_1_1_1_1_1_1_1_1_1_1_2_13,0.04915858355712889,35,Unknown,Curuai - Regional Watershed,1989,"{""type"":""MultiPoint"",""coordinates"":[]}"
1_1_1_1_1_1_1_1_1_1_1_1_1_1_1_1_1_1_1_1_1_1_1_1_1_1_1_1_1_1_1_1_1_1_1_2_14,0.14822914929199196,41,Mosaic of Crops,Curuai - Regional Watershed,1989,"{""type"":""MultiPoint"",""coordinates"":[]}"
1_1_1_1_1_1_1_1_1_1_1_1_1_1_1_1_1_1_1_1_1_1_1_1_1_1_1_1_1_1_1_1_1_1_2_0,24.37230966210937,0,Unknown,Curuai - Regional Watershed,1990,"{""type"":""MultiPoint"",""coordinates"":[]}"
1_1_1_1_1_1_1_1_1_1_1_1_1_1_1_1_1_1_1_1_1_1_1_1_1_1_1_1_1_1_1_1_1_1_2_1,292194.57853045996,3,Forest Formation,Curuai - Regional Watershed,1990,"{""type"":""MultiPoint"",""coordinates"":[]}"
1_1_1_1_1_1_1_1_1_1_1_1_1_1_1_1_1_1_1_1_1_1_1_1_1_1_1_1_1_1_1_1_1_1_2_2,558.3668114292574,4,Savanna Formation,Curuai - Regional Watershed,1990,"{""type"":""MultiPoint"",""coordinates"":[]}"
1_1_1_1_1_1_1_1_1_1_1_1_1_1_1_1_1_1_1_1_1_1_1_1_1_1_1_1_1_1_1_1_1_1_2_3,18361.72619338411,6,Unknown,Curuai - Regional Watershed,1990,"{""type"":""MultiPoint"",""coordinates"":[]}"
1_1_1_1_1_1_1_1_1_1_1_1_1_1_1_1_1_1_1_1_1_1_1_1_1_1_1_1_1_1_1_1_1_1_2_4,6943.181536199202,11,Wetland,Curuai - Regional Watershed,1990,"{""type"":""MultiPoint"",""coordinates"":[]}"
1_1_1_1_1_1_1_1_1_1_1_1_1_1_1_1_1_1_1_1_1_1_1_1_1_1_1_1_1_1_1_1_1_1_2_5,4429.512832924709,12,Grassland,Curuai - Regional Watershed,1990,"{""type"":""MultiPoint"",""coordinates"":[]}"
1_1_1_1_1_1_1_1_1_1_1_1_1_1_1_1_1_1_1_1_1_1_1_1_1_1_1_1_1_1_1_1_1_1_2_6,1625.2448055556167,15,Pasture,Curuai - Regional Watershed,1990,"{""type"":""MultiPoint"",""coordinates"":[]}"
1_1_1_1_1_1_1_1_1_1_1_1_1_1_1_1_1_1_1_1_1_1_1_1_1_1_1_1_1_1_1_1_1_1_2_7,84.32552908547937,24,Urban Infrastructure,Curuai - Regional Watershed,1990,"{""type"":""MultiPoint"",""coordinates"":[]}"
1_1_1_1_1_1_1_1_1_1_1_1_1_1_1_1_1_1_1_1_1_1_1_1_1_1_1_1_1_1_1_1_1_1_2_8,191.3165942726914,25,Other Non Vegetated,Curuai - Regional Watershed,1990,"{""type"":""MultiPoint"",""coordinates"":[]}"
1_1_1_1_1_1_1_1_1_1_1_1_1_1_1_1_1_1_1_1_1_1_1_1_1_1_1_1_1_1_1_1_1_1_2_9,165.5459800689918,29,Rocky outcrop,Curuai - Regional Watershed,1990,"{""type"":""MultiPoint"",""coordinates"":[]}"
1_1_1_1_1_1_1_1_1_1_1_1_1_1_1_1_1_1_1_1_1_1_1_1_1_1_1_1_1_1_1_1_1_1_2_10,43.04141946190691,30,Mining,Curuai - Regional Watershed,1990,"{""type"":""MultiPoint"",""coordinates"":[]}"
1_1_1_1_1_1_1_1_1_1_1_1_1_1_1_1_1_1_1_1_1_1_1_1_1_1_1_1_1_1_1_1_1_1_2_11,0.2776742288208005,31,Aquaculture,Curuai - Regional Watershed,1990,"{""type"":""MultiPoint"",""coordinates"":[]}"
1_1_1_1_1_1_1_1_1_1_1_1_1_1_1_1_1_1_1_1_1_1_1_1_1_1_1_1_1_1_1_1_1_1_2_12,17594.501113157796,33,"River, Lake and Ocean",Curuai - Regional Watershed,1990,"{""type"":""MultiPoint"",""coordinates"":[]}"
1_1_1_1_1_1_1_1_1_1_1_1_1_1_1_1_1_1_1_1_1_1_1_1_1_1_1_1_1_1_1_1_1_1_2_13,0.34059518200683603,35,Unknown,Curuai - Regional Watershed,1990,"{""type"":""MultiPoint"",""coordinates"":[]}"
1_1_1_1_1_1_1_1_1_1_1_1_1_1_1_1_1_1_1_1_1_1_1_1_1_1_1_1_1_1_1_1_1_1_2_14,0.15448140490722634,41,Mosaic of Crops,Curuai - Regional Watershed,1990,"{""type"":""MultiPoint"",""coordinates"":[]}"
1_1_1_1_1_1_1_1_1_1_1_1_1_1_1_1_1_1_1_1_1_1_1_1_1_1_1_1_1_1_1_1_1_2_0,24.686990271174658,0,Unknown,Curuai - Regional Watershed,1991,"{""type"":""MultiPoint"",""coordinates"":[]}"
1_1_1_1_1_1_1_1_1_1_1_1_1_1_1_1_1_1_1_1_1_1_1_1_1_1_1_1_1_1_1_1_1_2_1,292136.1507712623,3,Forest Formation,Curuai - Regional Watershed,1991,"{""type"":""MultiPoint"",""coordinates"":[]}"
1_1_1_1_1_1_1_1_1_1_1_1_1_1_1_1_1_1_1_1_1_1_1_1_1_1_1_1_1_1_1_1_1_2_2,558.6365802811862,4,Savanna Formation,Curuai - Regional Watershed,1991,"{""type"":""MultiPoint"",""coordinates"":[]}"
1_1_1_1_1_1_1_1_1_1_1_1_1_1_1_1_1_1_1_1_1_1_1_1_1_1_1_1_1_1_1_1_1_2_3,18257.179970654397,6,Unknown,Curuai - Regional Watershed,1991,"{""type"":""MultiPoint"",""coordinates"":[]}"
1_1_1_1_1_1_1_1_1_1_1_1_1_1_1_1_1_1_1_1_1_1_1_1_1_1_1_1_1_1_1_1_1_2_4,6809.648950898269,11,Wetland,Curuai - Regional Watershed,1991,"{""type"":""MultiPoint"",""coordinates"":[]}"
1_1_1_1_1_1_1_1_1_1_1_1_1_1_1_1_1_1_1_1_1_1_1_1_1_1_1_1_1_1_1_1_1_2_5,4421.915713346092,12,Grassland,Curuai - Regional Watershed,1991,"{""type"":""MultiPoint"",""coordinates"":[]}"
1_1_1_1_1_1_1_1_1_1_1_1_1_1_1_1_1_1_1_1_1_1_1_1_1_1_1_1_1_1_1_1_1_2_6,1615.6231242682313,15,Pasture,Curuai - Regional Watershed,1991,"{""type"":""MultiPoint"",""coordinates"":[]}"
1_1_1_1_1_1_1_1_1_1_1_1_1_1_1_1_1_1_1_1_1_1_1_1_1_1_1_1_1_1_1_1_1_2_7,88.72330098510572,24,Urban Infrastructure,Curuai - Regional Watershed,1991,"{""type"":""MultiPoint"",""coordinates"":[]}"
1_1_1_1_1_1_1_1_1_1_1_1_1_1_1_1_1_1_1_1_1_1_1_1_1_1_1_1_1_1_1_1_1_2_8,184.5726963416658,25,Other Non Vegetated,Curuai - Regional Watershed,1991,"{""type"":""MultiPoint"",""coordinates"":[]}"
1_1_1_1_1_1_1_1_1_1_1_1_1_1_1_1_1_1_1_1_1_1_1_1_1_1_1_1_1_1_1_1_1_2_9,165.54598006899184,29,Rocky outcrop,Curuai - Regional Watershed,1991,"{""type"":""MultiPoint"",""coordinates"":[]}"
1_1_1_1_1_1_1_1_1_1_1_1_1_1_1_1_1_1_1_1_1_1_1_1_1_1_1_1_1_1_1_1_1_2_10,47.644401502658326,30,Mining,Curuai - Regional Watershed,1991,"{""type"":""MultiPoint"",""coordinates"":[]}"
1_1_1_1_1_1_1_1_1_1_1_1_1_1_1_1_1_1_1_1_1_1_1_1_1_1_1_1_1_1_1_1_1_2_11,0.3714298700561522,31,Aquaculture,Curuai - Regional Watershed,1991,"{""type"":""MultiPoint"",""coordinates"":[]}"
1_1_1_1_1_1_1_1_1_1_1_1_1_1_1_1_1_1_1_1_1_1_1_1_1_1_1_1_1_1_1_1_1_2_12,17904.20998867538,33,"River, Lake and Ocean",Curuai - Regional Watershed,1991,"{""type"":""MultiPoint"",""coordinates"":[]}"
1_1_1_1_1_1_1_1_1_1_1_1_1_1_1_1_1_1_1_1_1_1_1_1_1_1_1_1_1_1_1_1_1_2_13,1.4336301525268556,35,Unknown,Curuai - Regional Watershed,1991,"{""type"":""MultiPoint"",""coordinates"":[]}"
1_1_1_1_1_1_1_1_1_1_1_1_1_1_1_1_1_1_1_1_1_1_1_1_1_1_1_1_1_1_1_1_1_2_14,0.14287789965820302,41,Mosaic of Crops,Curuai - Regional Watershed,1991,"{""type"":""MultiPoint"",""coordinates"":[]}"
1_1_1_1_1_1_1_1_1_1_1_1_1_1_1_1_1_1_1_1_1_1_1_1_1_1_1_1_1_1_1_1_2_0,27.325813688655128,0,Unknown,Curuai - Regional Watershed,1992,"{""type"":""MultiPoint"",""coordinates"":[]}"
1_1_1_1_1_1_1_1_1_1_1_1_1_1_1_1_1_1_1_1_1_1_1_1_1_1_1_1_1_1_1_1_2_1,291972.298462634,3,Forest Formation,Curuai - Regional Watershed,1992,"{""type"":""MultiPoint"",""coordinates"":[]}"
1_1_1_1_1_1_1_1_1_1_1_1_1_1_1_1_1_1_1_1_1_1_1_1_1_1_1_1_1_1_1_1_2_2,558.8931370174531,4,Savanna Formation,Curuai - Regional Watershed,1992,"{""type"":""MultiPoint"",""coordinates"":[]}"
1_1_1_1_1_1_1_1_1_1_1_1_1_1_1_1_1_1_1_1_1_1_1_1_1_1_1_1_1_1_1_1_2_3,18135.346650693005,6,Unknown,Curuai - Regional Watershed,1992,"{""type"":""MultiPoint"",""coordinates"":[]}"
1_1_1_1_1_1_1_1_1_1_1_1_1_1_1_1_1_1_1_1_1_1_1_1_1_1_1_1_1_1_1_1_2_4,7156.486016352217,11,Wetland,Curuai - Regional Watershed,1992,"{""type"":""MultiPoint"",""coordinates"":[]}"
1_1_1_1_1_1_1_1_1_1_1_1_1_1_1_1_1_1_1_1_1_1_1_1_1_1_1_1_1_1_1_1_2_5,4435.233796115645,12,Grassland,Curuai - Regional Watershed,1992,"{""type"":""MultiPoint"",""coordinates"":[]}"
1_1_1_1_1_1_1_1_1_1_1_1_1_1_1_1_1_1_1_1_1_1_1_1_1_1_1_1_1_1_1_1_2_6,1831.964211488612,15,Pasture,Curuai - Regional Watershed,1992,"{""type"":""MultiPoint"",""coordinates"":[]}"
1_1_1_1_1_1_1_1_1_1_1_1_1_1_1_1_1_1_1_1_1_1_1_1_1_1_1_1_1_1_1_1_2_7,93.32665258478137,24,Urban Infrastructure,Curuai - Regional Watershed,1992,"{""type"":""MultiPoint"",""coordinates"":[]}"
1_1_1_1_1_1_1_1_1_1_1_1_1_1_1_1_1_1_1_1_1_1_1_1_1_1_1_1_1_1_1_1_2_8,186.2833247939122,25,Other Non Vegetated,Curuai - Regional Watershed,1992,"{""type"":""MultiPoint"",""coordinates"":[]}"
1_1_1_1_1_1_1_1_1_1_1_1_1_1_1_1_1_1_1_1_1_1_1_1_1_1_1_1_1_1_1_1_2_9,165.5459800689918,29,Rocky outcrop,Curuai - Regional Watershed,1992,"{""type"":""MultiPoint"",""coordinates"":[]}"
1_1_1_1_1_1_1_1_1_1_1_1_1_1_1_1_1_1_1_1_1_1_1_1_1_1_1_1_1_1_1_1_2_10,50.335302675237614,30,Mining,Curuai - Regional Watershed,1992,"{""type"":""MultiPoint"",""coordinates"":[]}"
1_1_1_1_1_1_1_1_1_1_1_1_1_1_1_1_1_1_1_1_1_1_1_1_1_1_1_1_1_1_1_1_2_11,0.21787617864990225,31,Aquaculture,Curuai - Regional Watershed,1992,"{""type"":""MultiPoint"",""coordinates"":[]}"
1_1_1_1_1_1_1_1_1_1_1_1_1_1_1_1_1_1_1_1_1_1_1_1_1_1_1_1_1_1_1_1_2_12,17602.95929929203,33,"River, Lake and Ocean",Curuai - Regional Watershed,1992,"{""type"":""MultiPoint"",""coordinates"":[]}"
1_1_1_1_1_1_1_1_1_1_1_1_1_1_1_1_1_1_1_1_1_1_1_1_1_1_1_1_1_1_1_1_2_13,0.1984445505371091,35,Unknown,Curuai - Regional Watershed,1992,"{""type"":""MultiPoint"",""coordinates"":[]}"
1_1_1_1_1_1_1_1_1_1_1_1_1_1_1_1_1_1_1_1_1_1_1_1_1_1_1_1_1_1_1_1_2_14,0.07143834429931648,41,Mosaic of Crops,Curuai - Regional Watershed,1992,"{""type"":""MultiPoint"",""coordinates"":[]}"
1_1_1_1_1_1_1_1_1_1_1_1_1_1_1_1_1_1_1_1_1_1_1_1_1_1_1_1_1_1_1_2_0,26.253989877681,0,Unknown,Curuai - Regional Watershed,1993,"{""type"":""MultiPoint"",""coordinates"":[]}"
1_1_1_1_1_1_1_1_1_1_1_1_1_1_1_1_1_1_1_1_1_1_1_1_1_1_1_1_1_1_1_2_1,291832.94083183486,3,Forest Formation,Curuai - Regional Watershed,1993,"{""type"":""MultiPoint"",""coordinates"":[]}"
1_1_1_1_1_1_1_1_1_1_1_1_1_1_1_1_1_1_1_1_1_1_1_1_1_1_1_1_1_1_1_2_2,558.8074775220309,4,Savanna Formation,Curuai - Regional Watershed,1993,"{""type"":""MultiPoint"",""coordinates"":[]}"
1_1_1_1_1_1_1_1_1_1_1_1_1_1_1_1_1_1_1_1_1_1_1_1_1_1_1_1_1_1_1_2_3,18024.619946051578,6,Unknown,Curuai - Regional Watershed,1993,"{""type"":""MultiPoint"",""coordinates"":[]}"
1_1_1_1_1_1_1_1_1_1_1_1_1_1_1_1_1_1_1_1_1_1_1_1_1_1_1_1_1_1_1_2_4,6757.060371675525,11,Wetland,Curuai - Regional Watershed,1993,"{""type"":""MultiPoint"",""coordinates"":[]}"
1_1_1_1_1_1_1_1_1_1_1_1_1_1_1_1_1_1_1_1_1_1_1_1_1_1_1_1_1_1_1_2_5,4427.443398011649,12,Grassland,Curuai - Regional Watershed,1993,"{""type"":""MultiPoint"",""coordinates"":[]}"
1_1_1_1_1_1_1_1_1_1_1_1_1_1_1_1_1_1_1_1_1_1_1_1_1_1_1_1_1_1_1_2_6,1988.915848017799,15,Pasture,Curuai - Regional Watershed,1993,"{""type"":""MultiPoint"",""coordinates"":[]}"
1_1_1_1_1_1_1_1_1_1_1_1_1_1_1_1_1_1_1_1_1_1_1_1_1_1_1_1_1_1_1_2_7,97.27304973517647,24,Urban Infrastructure,Curuai - Regional Watershed,1993,"{""type"":""MultiPoint"",""coordinates"":[]}"
1_1_1_1_1_1_1_1_1_1_1_1_1_1_1_1_1_1_1_1_1_1_1_1_1_1_1_1_1_1_1_2_8,177.6287631890133,25,Other Non Vegetated,Curuai - Regional Watershed,1993,"{""type"":""MultiPoint"",""coordinates"":[]}"
1_1_1_1_1_1_1_1_1_1_1_1_1_1_1_1_1_1_1_1_1_1_1_1_1_1_1_1_1_1_1_2_9,165.5459800689918,29,Rocky outcrop,Curuai - Regional Watershed,1993,"{""type"":""MultiPoint"",""coordinates"":[]}"
1_1_1_1_1_1_1_1_1_1_1_1_1_1_1_1_1_1_1_1_1_1_1_1_1_1_1_1_1_1_1_2_10,51.29988879557708,30,Mining,Curuai - Regional Watershed,1993,"{""type"":""MultiPoint"",""coordinates"":[]}"
1_1_1_1_1_1_1_1_1_1_1_1_1_1_1_1_1_1_1_1_1_1_1_1_1_1_1_1_1_1_1_2_11,0.19108336401367176,31,Aquaculture,Curuai - Regional Watershed,1993,"{""type"":""MultiPoint"",""coordinates"":[]}"
1_1_1_1_1_1_1_1_1_1_1_1_1_1_1_1_1_1_1_1_1_1_1_1_1_1_1_1_1_1_1_2_12,18108.28593023974,33,"River, Lake and Ocean",Curuai - Regional Watershed,1993,"{""type"":""MultiPoint"",""coordinates"":[]}"
1_1_1_1_1_1_1_1_1_1_1_1_1_1_1_1_1_1_1_1_1_1_1_1_1_1_1_1_1_1_1_2_13,0.17520029760742184,35,Unknown,Curuai - Regional Watershed,1993,"{""type"":""MultiPoint"",""coordinates"":[]}"
1_1_1_1_1_1_1_1_1_1_1_1_1_1_1_1_1_1_1_1_1_1_1_1_1_1_1_1_1_1_1_2_14,0.04464779626464844,41,Mosaic of Crops,Curuai - Regional Watershed,1993,"{""type"":""MultiPoint"",""coordinates"":[]}"
1_1_1_1_1_1_1_1_1_1_1_1_1_1_1_1_1_1_1_1_1_1_1_1_1_1_1_1_1_1_2_0,26.55111577297053,0,Unknown,Curuai - Regional Watershed,1994,"{""type"":""MultiPoint"",""coordinates"":[]}"
1_1_1_1_1_1_1_1_1_1_1_1_1_1_1_1_1_1_1_1_1_1_1_1_1_1_1_1_1_1_2_1,291758.3187981162,3,Forest Formation,Curuai - Regional Watershed,1994,"{""type"":""MultiPoint"",""coordinates"":[]}"
1_1_1_1_1_1_1_1_1_1_1_1_1_1_1_1_1_1_1_1_1_1_1_1_1_1_1_1_1_1_2_2,559.0915701529514,4,Savanna Formation,Curuai - Regional Watershed,1994,"{""type"":""MultiPoint"",""coordinates"":[]}"
1_1_1_1_1_1_1_1_1_1_1_1_1_1_1_1_1_1_1_1_1_1_1_1_1_1_1_1_1_1_2_3,17960.46644037475,6,Unknown,Curuai - Regional Watershed,1994,"{""type"":""MultiPoint"",""coordinates"":[]}"
1_1_1_1_1_1_1_1_1_1_1_1_1_1_1_1_1_1_1_1_1_1_1_1_1_1_1_1_1_1_2_4,6538.039948922482,11,Wetland,Curuai - Regional Watershed,1994,"{""type"":""MultiPoint"",""coordinates"":[]}"
1_1_1_1_1_1_1_1_1_1_1_1_1_1_1_1_1_1_1_1_1_1_1_1_1_1_1_1_1_1_2_5,4411.630980126336,12,Grassland,Curuai - Regional Watershed,1994,"{""type"":""MultiPoint"",""coordinates"":[]}"
1_1_1_1_1_1_1_1_1_1_1_1_1_1_1_1_1_1_1_1_1_1_1_1_1_1_1_1_1_1_2_6,2089.612336641608,15,Pasture,Curuai - Regional Watershed,1994,"{""type"":""MultiPoint"",""coordinates"":[]}"
1_1_1_1_1_1_1_1_1_1_1_1_1_1_1_1_1_1_1_1_1_1_1_1_1_1_1_1_1_1_2_7,100.11396302601563,24,Urban Infrastructure,Curuai - Regional Watershed,1994,"{""type"":""MultiPoint"",""coordinates"":[]}"
1_1_1_1_1_1_1_1_1_1_1_1_1_1_1_1_1_1_1_1_1_1_1_1_1_1_1_1_1_1_2_8,173.2159259750297,25,Other Non Vegetated,Curuai - Regional Watershed,1994,"{""type"":""MultiPoint"",""coordinates"":[]}"
1_1_1_1_1_1_1_1_1_1_1_1_1_1_1_1_1_1_1_1_1_1_1_1_1_1_1_1_1_1_2_9,165.54598006899184,29,Rocky outcrop,Curuai - Regional Watershed,1994,"{""type"":""MultiPoint"",""coordinates"":[]}"
1_1_1_1_1_1_1_1_1_1_1_1_1_1_1_1_1_1_1_1_1_1_1_1_1_1_1_1_1_1_2_10,52.732946973061665,30,Mining,Curuai - Regional Watershed,1994,"{""type"":""MultiPoint"",""coordinates"":[]}"
1_1_1_1_1_1_1_1_1_1_1_1_1_1_1_1_1_1_1_1_1_1_1_1_1_1_1_1_1_1_2_11,0.1625139610595703,31,Aquaculture,Curuai - Regional Watershed,1994,"{""type"":""MultiPoint"",""coordinates"":[]}"
1_1_1_1_1_1_1_1_1_1_1_1_1_1_1_1_1_1_1_1_1_1_1_1_1_1_1_1_1_1_2_12,18380.840357752604,33,"River, Lake and Ocean",Curuai - Regional Watershed,1994,"{""type"":""MultiPoint"",""coordinates"":[]}"
1_1_1_1_1_1_1_1_1_1_1_1_1_1_1_1_1_1_1_1_1_1_1_1_1_1_1_1_1_1_2_13,0.12245213323974605,35,Unknown,Curuai - Regional Watershed,1994,"{""type"":""MultiPoint"",""coordinates"":[]}"
1_1_1_1_1_1_1_1_1_1_1_1_1_1_1_1_1_1_1_1_1_1_1_1_1_1_1_1_1_1_2_14,0.041076480895996095,41,Mosaic of Crops,Curuai - Regional Watershed,1994,"{""type"":""MultiPoint"",""coordinates"":[]}"
1_1_1_1_1_1_1_1_1_1_1_1_1_1_1_1_1_1_1_1_1_1_1_1_1_1_1_1_1_2_0,27.091672092860325,0,Unknown,Curuai - Regional Watershed,1995,"{""type"":""MultiPoint"",""coordinates"":[]}"
1_1_1_1_1_1_1_1_1_1_1_1_1_1_1_1_1_1_1_1_1_1_1_1_1_1_1_1_1_2_1,291688.7547006315,3,Forest Formation,Curuai - Regional Watershed,1995,"{""type"":""MultiPoint"",""coordinates"":[]}"
1_1_1_1_1_1_1_1_1_1_1_1_1_1_1_1_1_1_1_1_1_1_1_1_1_1_1_1_1_2_2,559.2371742354707,4,Savanna Formation,Curuai - Regional Watershed,1995,"{""type"":""MultiPoint"",""coordinates"":[]}"
1_1_1_1_1_1_1_1_1_1_1_1_1_1_1_1_1_1_1_1_1_1_1_1_1_1_1_1_1_2_3,17980.22202213463,6,Unknown,Curuai - Regional Watershed,1995,"{""type"":""MultiPoint"",""coordinates"":[]}"
1_1_1_1_1_1_1_1_1_1_1_1_1_1_1_1_1_1_1_1_1_1_1_1_1_1_1_1_1_2_4,6585.338547435887,11,Wetland,Curuai - Regional Watershed,1995,"{""type"":""MultiPoint"",""coordinates"":[]}"
1_1_1_1_1_1_1_1_1_1_1_1_1_1_1_1_1_1_1_1_1_1_1_1_1_1_1_1_1_2_5,4413.936068173718,12,Grassland,Curuai - Regional Watershed,1995,"{""type"":""MultiPoint"",""coordinates"":[]}"
1_1_1_1_1_1_1_1_1_1_1_1_1_1_1_1_1_1_1_1_1_1_1_1_1_1_1_1_1_2_6,2144.4181936260406,15,Pasture,Curuai - Regional Watershed,1995,"{""type"":""MultiPoint"",""coordinates"":[]}"
1_1_1_1_1_1_1_1_1_1_1_1_1_1_1_1_1_1_1_1_1_1_1_1_1_1_1_1_1_2_7,105.2692664964171,24,Urban Infrastructure,Curuai - Regional Watershed,1995,"{""type"":""MultiPoint"",""coordinates"":[]}"
1_1_1_1_1_1_1_1_1_1_1_1_1_1_1_1_1_1_1_1_1_1_1_1_1_1_1_1_1_2_8,172.75110968178936,25,Other Non Vegetated,Curuai - Regional Watershed,1995,"{""type"":""MultiPoint"",""coordinates"":[]}"
1_1_1_1_1_1_1_1_1_1_1_1_1_1_1_1_1_1_1_1_1_1_1_1_1_1_1_1_1_2_9,165.54598006899184,29,Rocky outcrop,Curuai - Regional Watershed,1995,"{""type"":""MultiPoint"",""coordinates"":[]}"
1_1_1_1_1_1_1_1_1_1_1_1_1_1_1_1_1_1_1_1_1_1_1_1_1_1_1_1_1_2_10,52.918614401508925,30,Mining,Curuai - Regional Watershed,1995,"{""type"":""MultiPoint"",""coordinates"":[]}"
1_1_1_1_1_1_1_1_1_1_1_1_1_1_1_1_1_1_1_1_1_1_1_1_1_1_1_1_1_2_11,0.10090615655517576,31,Aquaculture,Curuai - Regional Watershed,1995,"{""type"":""MultiPoint"",""coordinates"":[]}"
1_1_1_1_1_1_1_1_1_1_1_1_1_1_1_1_1_1_1_1_1_1_1_1_1_1_1_1_1_2_12,18320.818159812094,33,"River, Lake and Ocean",Curuai - Regional Watershed,1995,"{""type"":""MultiPoint"",""coordinates"":[]}"
1_1_1_1_1_1_1_1_1_1_1_1_1_1_1_1_1_1_1_1_1_1_1_1_1_1_1_1_1_2_13,0.05631034564208985,35,Unknown,Curuai - Regional Watershed,1995,"{""type"":""MultiPoint"",""coordinates"":[]}"
1_1_1_1_1_1_1_1_1_1_1_1_1_1_1_1_1_1_1_1_1_1_1_1_1_1_1_1_1_2_14,0.027681184997558596,41,Mosaic of Crops,Curuai - Regional Watershed,1995,"{""type"":""MultiPoint"",""coordinates"":[]}"
1_1_1_1_1_1_1_1_1_1_1_1_1_1_1_1_1_1_1_1_1_1_1_1_1_1_1_1_2_0,29.210352406677252,0,Unknown,Curuai - Regional Watershed,1996,"{""type"":""MultiPoint"",""coordinates"":[]}"
1_1_1_1_1_1_1_1_1_1_1_1_1_1_1_1_1_1_1_1_1_1_1_1_1_1_1_1_2_1,291530.865752836,3,Forest Formation,Curuai - Regional Watershed,1996,"{""type"":""MultiPoint"",""coordinates"":[]}"
1_1_1_1_1_1_1_1_1_1_1_1_1_1_1_1_1_1_1_1_1_1_1_1_1_1_1_1_2_2,559.1522993744478,4,Savanna Formation,Curuai - Regional Watershed,1996,"{""type"":""MultiPoint"",""coordinates"":[]}"
1_1_1_1_1_1_1_1_1_1_1_1_1_1_1_1_1_1_1_1_1_1_1_1_1_1_1_1_2_3,17905.68923241646,6,Unknown,Curuai - Regional Watershed,1996,"{""type"":""MultiPoint"",""coordinates"":[]}"
1_1_1_1_1_1_1_1_1_1_1_1_1_1_1_1_1_1_1_1_1_1_1_1_1_1_1_1_2_4,6451.571457228864,11,Wetland,Curuai - Regional Watershed,1996,"{""type"":""MultiPoint"",""coordinates"":[]}"
1_1_1_1_1_1_1_1_1_1_1_1_1_1_1_1_1_1_1_1_1_1_1_1_1_1_1_1_2_5,4397.611344869647,12,Grassland,Curuai - Regional Watershed,1996,"{""type"":""MultiPoint"",""coordinates"":[]}"
1_1_1_1_1_1_1_1_1_1_1_1_1_1_1_1_1_1_1_1_1_1_1_1_1_1_1_1_2_6,2334.8562351494074,15,Pasture,Curuai - Regional Watershed,1996,"{""type"":""MultiPoint"",""coordinates"":[]}"
1_1_1_1_1_1_1_1_1_1_1_1_1_1_1_1_1_1_1_1_1_1_1_1_1_1_1_1_2_7,110.20948166445065,24,Urban Infrastructure,Curuai - Regional Watershed,1996,"{""type"":""MultiPoint"",""coordinates"":[]}"
1_1_1_1_1_1_1_1_1_1_1_1_1_1_1_1_1_1_1_1_1_1_1_1_1_1_1_1_2_8,174.69730322424897,25,Other Non Vegetated,Curuai - Regional Watershed,1996,"{""type"":""MultiPoint"",""coordinates"":[]}"
1_1_1_1_1_1_1_1_1_1_1_1_1_1_1_1_1_1_1_1_1_1_1_1_1_1_1_1_2_9,165.5459800689918,29,Rocky outcrop,Curuai - Regional Watershed,1996,"{""type"":""MultiPoint"",""coordinates"":[]}"
1_1_1_1_1_1_1_1_1_1_1_1_1_1_1_1_1_1_1_1_1_1_1_1_1_1_1_1_2_10,54.313512552136814,30,Mining,Curuai - Regional Watershed,1996,"{""type"":""MultiPoint"",""coordinates"":[]}"
1_1_1_1_1_1_1_1_1_1_1_1_1_1_1_1_1_1_1_1_1_1_1_1_1_1_1_1_2_11,0.09287147601318357,31,Aquaculture,Curuai - Regional Watershed,1996,"{""type"":""MultiPoint"",""coordinates"":[]}"
1_1_1_1_1_1_1_1_1_1_1_1_1_1_1_1_1_1_1_1_1_1_1_1_1_1_1_1_2_12,18502.49987055924,33,"River, Lake and Ocean",Curuai - Regional Watershed,1996,"{""type"":""MultiPoint"",""coordinates"":[]}"
1_1_1_1_1_1_1_1_1_1_1_1_1_1_1_1_1_1_1_1_1_1_1_1_1_1_1_1_2_13,0.15374645098876957,35,Unknown,Curuai - Regional Watershed,1996,"{""type"":""MultiPoint"",""coordinates"":[]}"
1_1_1_1_1_1_1_1_1_1_1_1_1_1_1_1_1_1_1_1_1_1_1_1_1_1_1_1_2_14,0.016966200134277343,41,Mosaic of Crops,Curuai - Regional Watershed,1996,"{""type"":""MultiPoint"",""coordinates"":[]}"
1_1_1_1_1_1_1_1_1_1_1_1_1_1_1_1_1_1_1_1_1_1_1_1_1_1_1_2_0,34.32440046020509,0,Unknown,Curuai - Regional Watershed,1997,"{""type"":""MultiPoint"",""coordinates"":[]}"
1_1_1_1_1_1_1_1_1_1_1_1_1_1_1_1_1_1_1_1_1_1_1_1_1_1_1_2_1,291332.6481452149,3,Forest Formation,Curuai - Regional Watershed,1997,"{""type"":""MultiPoint"",""coordinates"":[]}"
1_1_1_1_1_1_1_1_1_1_1_1_1_1_1_1_1_1_1_1_1_1_1_1_1_1_1_2_2,559.0191496792575,4,Savanna Formation,Curuai - Regional Watershed,1997,"{""type"":""MultiPoint"",""coordinates"":[]}"
1_1_1_1_1_1_1_1_1_1_1_1_1_1_1_1_1_1_1_1_1_1_1_1_1_1_1_2_3,17851.834021479903,6,Unknown,Curuai - Regional Watershed,1997,"{""type"":""MultiPoint"",""coordinates"":[]}"
1_1_1_1_1_1_1_1_1_1_1_1_1_1_1_1_1_1_1_1_1_1_1_1_1_1_1_2_4,6943.980391615459,11,Wetland,Curuai - Regional Watershed,1997,"{""type"":""MultiPoint"",""coordinates"":[]}"
1_1_1_1_1_1_1_1_1_1_1_1_1_1_1_1_1_1_1_1_1_1_1_1_1_1_1_2_5,4410.283378478709,12,Grassland,Curuai - Regional Watershed,1997,"{""type"":""MultiPoint"",""coordinates"":[]}"
1_1_1_1_1_1_1_1_1_1_1_1_1_1_1_1_1_1_1_1_1_1_1_1_1_1_1_2_6,2790.1853049359133,15,Pasture,Curuai - Regional Watershed,1997,"{""type"":""MultiPoint"",""coordinates"":[]}"
1_1_1_1_1_1_1_1_1_1_1_1_1_1_1_1_1_1_1_1_1_1_1_1_1_1_1_2_7,113.97849879139935,24,Urban Infrastructure,Curuai - Regional Watershed,1997,"{""type"":""MultiPoint"",""coordinates"":[]}"
1_1_1_1_1_1_1_1_1_1_1_1_1_1_1_1_1_1_1_1_1_1_1_1_1_1_1_2_8,175.01913450581938,25,Other Non Vegetated,Curuai - Regional Watershed,1997,"{""type"":""MultiPoint"",""coordinates"":[]}"
1_1_1_1_1_1_1_1_1_1_1_1_1_1_1_1_1_1_1_1_1_1_1_1_1_1_1_2_9,165.54598006899184,29,Rocky outcrop,Curuai - Regional Watershed,1997,"{""type"":""MultiPoint"",""coordinates"":[]}"
1_1_1_1_1_1_1_1_1_1_1_1_1_1_1_1_1_1_1_1_1_1_1_1_1_1_1_2_10,60.93027750844293,30,Mining,Curuai - Regional Watershed,1997,"{""type"":""MultiPoint"",""coordinates"":[]}"
1_1_1_1_1_1_1_1_1_1_1_1_1_1_1_1_1_1_1_1_1_1_1_1_1_1_1_2_11,17778.613481242126,33,"River, Lake and Ocean",Curuai - Regional Watershed,1997,"{""type"":""MultiPoint"",""coordinates"":[]}"
1_1_1_1_1_1_1_1_1_1_1_1_1_1_1_1_1_1_1_1_1_1_1_1_1_1_1_2_12,0.12245663659667957,35,Unknown,Curuai - Regional Watershed,1997,"{""type"":""MultiPoint"",""coordinates"":[]}"
1_1_1_1_1_1_1_1_1_1_1_1_1_1_1_1_1_1_1_1_1_1_1_1_1_1_1_2_13,0.0017858603515625,41,Mosaic of Crops,Curuai - Regional Watershed,1997,"{""type"":""MultiPoint"",""coordinates"":[]}"
1_1_1_1_1_1_1_1_1_1_1_1_1_1_1_1_1_1_1_1_1_1_1_1_1_1_2_0,38.07730924273684,0,Unknown,Curuai - Regional Watershed,1998,"{""type"":""MultiPoint"",""coordinates"":[]}"
1_1_1_1_1_1_1_1_1_1_1_1_1_1_1_1_1_1_1_1_1_1_1_1_1_1_2_1,291081.4761244719,3,Forest Formation,Curuai - Regional Watershed,1998,"{""type"":""MultiPoint"",""coordinates"":[]}"
1_1_1_1_1_1_1_1_1_1_1_1_1_1_1_1_1_1_1_1_1_1_1_1_1_1_2_2,558.7966951105317,4,Savanna Formation,Curuai - Regional Watershed,1998,"{""type"":""MultiPoint"",""coordinates"":[]}"
1_1_1_1_1_1_1_1_1_1_1_1_1_1_1_1_1_1_1_1_1_1_1_1_1_1_2_3,17714.82960919259,6,Unknown,Curuai - Regional Watershed,1998,"{""type"":""MultiPoint"",""coordinates"":[]}"
1_1_1_1_1_1_1_1_1_1_1_1_1_1_1_1_1_1_1_1_1_1_1_1_1_1_2_4,7170.939292167505,11,Wetland,Curuai - Regional Watershed,1998,"{""type"":""MultiPoint"",""coordinates"":[]}"
1_1_1_1_1_1_1_1_1_1_1_1_1_1_1_1_1_1_1_1_1_1_1_1_1_1_2_5,4366.08963774038,12,Grassland,Curuai - Regional Watershed,1998,"{""type"":""MultiPoint"",""coordinates"":[]}"
1_1_1_1_1_1_1_1_1_1_1_1_1_1_1_1_1_1_1_1_1_1_1_1_1_1_2_6,3248.8227643785312,15,Pasture,Curuai - Regional Watershed,1998,"{""type"":""MultiPoint"",""coordinates"":[]}"
1_1_1_1_1_1_1_1_1_1_1_1_1_1_1_1_1_1_1_1_1_1_1_1_1_1_2_7,118.17627245370593,24,Urban Infrastructure,Curuai - Regional Watershed,1998,"{""type"":""MultiPoint"",""coordinates"":[]}"
1_1_1_1_1_1_1_1_1_1_1_1_1_1_1_1_1_1_1_1_1_1_1_1_1_1_2_8,175.05730591649782,25,Other Non Vegetated,Curuai - Regional Watershed,1998,"{""type"":""MultiPoint"",""coordinates"":[]}"
1_1_1_1_1_1_1_1_1_1_1_1_1_1_1_1_1_1_1_1_1_1_1_1_1_1_2_9,165.54687402834236,29,Rocky outcrop,Curuai - Regional Watershed,1998,"{""type"":""MultiPoint"",""coordinates"":[]}"
1_1_1_1_1_1_1_1_1_1_1_1_1_1_1_1_1_1_1_1_1_1_1_1_1_1_2_10,62.11811624941171,30,Mining,Curuai - Regional Watershed,1998,"{""type"":""MultiPoint"",""coordinates"":[]}"
1_1_1_1_1_1_1_1_1_1_1_1_1_1_1_1_1_1_1_1_1_1_1_1_1_1_2_11,17516.298082334037,33,"River, Lake and Ocean",Curuai - Regional Watershed,1998,"{""type"":""MultiPoint"",""coordinates"":[]}"
1_1_1_1_1_1_1_1_1_1_1_1_1_1_1_1_1_1_1_1_1_1_1_1_1_1_2_12,0.25832319073486315,35,Unknown,Curuai - Regional Watershed,1998,"{""type"":""MultiPoint"",""coordinates"":[]}"
1_1_1_1_1_1_1_1_1_1_1_1_1_1_1_1_1_1_1_1_1_1_1_1_1_2_0,38.75136824450685,0,Unknown,Curuai - Regional Watershed,1999,"{""type"":""MultiPoint"",""coordinates"":[]}"
1_1_1_1_1_1_1_1_1_1_1_1_1_1_1_1_1_1_1_1_1_1_1_1_1_2_1,290887.86897704646,3,Forest Formation,Curuai - Regional Watershed,1999,"{""type"":""MultiPoint"",""coordinates"":[]}"
1_1_1_1_1_1_1_1_1_1_1_1_1_1_1_1_1_1_1_1_1_1_1_1_1_2_2,558.5323944018658,4,Savanna Formation,Curuai - Regional Watershed,1999,"{""type"":""MultiPoint"",""coordinates"":[]}"
1_1_1_1_1_1_1_1_1_1_1_1_1_1_1_1_1_1_1_1_1_1_1_1_1_2_3,17555.721193777616,6,Unknown,Curuai - Regional Watershed,1999,"{""type"":""MultiPoint"",""coordinates"":[]}"
1_1_1_1_1_1_1_1_1_1_1_1_1_1_1_1_1_1_1_1_1_1_1_1_1_2_4,5450.207546409512,11,Wetland,Curuai - Regional Watershed,1999,"{""type"":""MultiPoint"",""coordinates"":[]}"
1_1_1_1_1_1_1_1_1_1_1_1_1_1_1_1_1_1_1_1_1_1_1_1_1_2_5,4316.921949504468,12,Grassland,Curuai - Regional Watershed,1999,"{""type"":""MultiPoint"",""coordinates"":[]}"
1_1_1_1_1_1_1_1_1_1_1_1_1_1_1_1_1_1_1_1_1_1_1_1_1_2_6,3408.8753874026497,15,Pasture,Curuai - Regional Watershed,1999,"{""type"":""MultiPoint"",""coordinates"":[]}"
1_1_1_1_1_1_1_1_1_1_1_1_1_1_1_1_1_1_1_1_1_1_1_1_1_2_7,122.91842672900655,24,Urban Infrastructure,Curuai - Regional Watershed,1999,"{""type"":""MultiPoint"",""coordinates"":[]}"
1_1_1_1_1_1_1_1_1_1_1_1_1_1_1_1_1_1_1_1_1_1_1_1_1_2_8,181.3055636757526,25,Other Non Vegetated,Curuai - Regional Watershed,1999,"{""type"":""MultiPoint"",""coordinates"":[]}"
1_1_1_1_1_1_1_1_1_1_1_1_1_1_1_1_1_1_1_1_1_1_1_1_1_2_9,165.54687402834253,29,Rocky outcrop,Curuai - Regional Watershed,1999,"{""type"":""MultiPoint"",""coordinates"":[]}"
1_1_1_1_1_1_1_1_1_1_1_1_1_1_1_1_1_1_1_1_1_1_1_1_1_2_10,60.90266963807364,30,Mining,Curuai - Regional Watershed,1999,"{""type"":""MultiPoint"",""coordinates"":[]}"
1_1_1_1_1_1_1_1_1_1_1_1_1_1_1_1_1_1_1_1_1_1_1_1_1_2_11,19468.786849728207,33,"River, Lake and Ocean",Curuai - Regional Watershed,1999,"{""type"":""MultiPoint"",""coordinates"":[]}"
1_1_1_1_1_1_1_1_1_1_1_1_1_1_1_1_1_1_1_1_1_1_1_1_1_2_12,0.14720589023365693,35,Unknown,Curuai - Regional Watershed,1999,"{""type"":""MultiPoint"",""coordinates"":[]}"
1_1_1_1_1_1_1_1_1_1_1_1_1_1_1_1_1_1_1_1_1_1_1_1_2_0,35.166663729309086,0,Unknown,Curuai - Regional Watershed,2000,"{""type"":""MultiPoint"",""coordinates"":[]}"
1_1_1_1_1_1_1_1_1_1_1_1_1_1_1_1_1_1_1_1_1_1_1_1_2_1,290975.6639400133,3,Forest Formation,Curuai - Regional Watershed,2000,"{""type"":""MultiPoint"",""coordinates"":[]}"
1_1_1_1_1_1_1_1_1_1_1_1_1_1_1_1_1_1_1_1_1_1_1_1_2_2,558.4355262202954,4,Savanna Formation,Curuai - Regional Watershed,2000,"{""type"":""MultiPoint"",""coordinates"":[]}"
1_1_1_1_1_1_1_1_1_1_1_1_1_1_1_1_1_1_1_1_1_1_1_1_2_3,17836.151428001536,6,Unknown,Curuai - Regional Watershed,2000,"{""type"":""MultiPoint"",""coordinates"":[]}"
1_1_1_1_1_1_1_1_1_1_1_1_1_1_1_1_1_1_1_1_1_1_1_1_2_4,6183.594765989348,11,Wetland,Curuai - Regional Watershed,2000,"{""type"":""MultiPoint"",""coordinates"":[]}"
1_1_1_1_1_1_1_1_1_1_1_1_1_1_1_1_1_1_1_1_1_1_1_1_2_5,4310.3506614325615,12,Grassland,Curuai - Regional Watershed,2000,"{""type"":""MultiPoint"",""coordinates"":[]}"
1_1_1_1_1_1_1_1_1_1_1_1_1_1_1_1_1_1_1_1_1_1_1_1_2_6,3431.4315227571587,15,Pasture,Curuai - Regional Watershed,2000,"{""type"":""MultiPoint"",""coordinates"":[]}"
1_1_1_1_1_1_1_1_1_1_1_1_1_1_1_1_1_1_1_1_1_1_1_1_2_7,124.2464438058069,24,Urban Infrastructure,Curuai - Regional Watershed,2000,"{""type"":""MultiPoint"",""coordinates"":[]}"
1_1_1_1_1_1_1_1_1_1_1_1_1_1_1_1_1_1_1_1_1_1_1_1_2_8,191.62045502266872,25,Other Non Vegetated,Curuai - Regional Watershed,2000,"{""type"":""MultiPoint"",""coordinates"":[]}"
1_1_1_1_1_1_1_1_1_1_1_1_1_1_1_1_1_1_1_1_1_1_1_1_2_9,165.54687402834244,29,Rocky outcrop,Curuai - Regional Watershed,2000,"{""type"":""MultiPoint"",""coordinates"":[]}"
1_1_1_1_1_1_1_1_1_1_1_1_1_1_1_1_1_1_1_1_1_1_1_1_2_10,79.05192224493888,30,Mining,Curuai - Regional Watershed,2000,"{""type"":""MultiPoint"",""coordinates"":[]}"
1_1_1_1_1_1_1_1_1_1_1_1_1_1_1_1_1_1_1_1_1_1_1_1_2_11,0.042863422363281244,31,Aquaculture,Curuai - Regional Watershed,2000,"{""type"":""MultiPoint"",""coordinates"":[]}"
1_1_1_1_1_1_1_1_1_1_1_1_1_1_1_1_1_1_1_1_1_1_1_1_2_12,18325.07339647323,33,"River, Lake and Ocean",Curuai - Regional Watershed,2000,"{""type"":""MultiPoint"",""coordinates"":[]}"
1_1_1_1_1_1_1_1_1_1_1_1_1_1_1_1_1_1_1_1_1_1_1_1_2_13,0.1099433367919922,35,Unknown,Curuai - Regional Watershed,2000,"{""type"":""MultiPoint"",""coordinates"":[]}"
1_1_1_1_1_1_1_1_1_1_1_1_1_1_1_1_1_1_1_1_1_1_1_2_0,33.371452150451674,0,Unknown,Curuai - Regional Watershed,2001,"{""type"":""MultiPoint"",""coordinates"":[]}"
1_1_1_1_1_1_1_1_1_1_1_1_1_1_1_1_1_1_1_1_1_1_1_2_1,290934.17671125504,3,Forest Formation,Curuai - Regional Watershed,2001,"{""type"":""MultiPoint"",""coordinates"":[]}"
1_1_1_1_1_1_1_1_1_1_1_1_1_1_1_1_1_1_1_1_1_1_1_2_2,558.3166038181955,4,Savanna Formation,Curuai - Regional Watershed,2001,"{""type"":""MultiPoint"",""coordinates"":[]}"
1_1_1_1_1_1_1_1_1_1_1_1_1_1_1_1_1_1_1_1_1_1_1_2_3,17913.73521693451,6,Unknown,Curuai - Regional Watershed,2001,"{""type"":""MultiPoint"",""coordinates"":[]}"
1_1_1_1_1_1_1_1_1_1_1_1_1_1_1_1_1_1_1_1_1_1_1_2_4,6218.958663147658,11,Wetland,Curuai - Regional Watershed,2001,"{""type"":""MultiPoint"",""coordinates"":[]}"
1_1_1_1_1_1_1_1_1_1_1_1_1_1_1_1_1_1_1_1_1_1_1_2_5,4309.491899724209,12,Grassland,Curuai - Regional Watershed,2001,"{""type"":""MultiPoint"",""coordinates"":[]}"
1_1_1_1_1_1_1_1_1_1_1_1_1_1_1_1_1_1_1_1_1_1_1_2_6,3443.9929530589966,15,Pasture,Curuai - Regional Watershed,2001,"{""type"":""MultiPoint"",""coordinates"":[]}"
1_1_1_1_1_1_1_1_1_1_1_1_1_1_1_1_1_1_1_1_1_1_1_2_7,125.72878728432364,24,Urban Infrastructure,Curuai - Regional Watershed,2001,"{""type"":""MultiPoint"",""coordinates"":[]}"
1_1_1_1_1_1_1_1_1_1_1_1_1_1_1_1_1_1_1_1_1_1_1_2_8,199.7861148172968,25,Other Non Vegetated,Curuai - Regional Watershed,2001,"{""type"":""MultiPoint"",""coordinates"":[]}"
1_1_1_1_1_1_1_1_1_1_1_1_1_1_1_1_1_1_1_1_1_1_1_2_9,165.5459800689918,29,Rocky outcrop,Curuai - Regional Watershed,2001,"{""type"":""MultiPoint"",""coordinates"":[]}"
1_1_1_1_1_1_1_1_1_1_1_1_1_1_1_1_1_1_1_1_1_1_1_2_10,86.12762512024814,30,Mining,Curuai - Regional Watershed,2001,"{""type"":""MultiPoint"",""coordinates"":[]}"
1_1_1_1_1_1_1_1_1_1_1_1_1_1_1_1_1_1_1_1_1_1_1_2_11,0.17502764465332046,31,Aquaculture,Curuai - Regional Watershed,2001,"{""type"":""MultiPoint"",""coordinates"":[]}"
1_1_1_1_1_1_1_1_1_1_1_1_1_1_1_1_1_1_1_1_1_1_1_2_12,18224.499070352602,33,"River, Lake and Ocean",Curuai - Regional Watershed,2001,"{""type"":""MultiPoint"",""coordinates"":[]}"
1_1_1_1_1_1_1_1_1_1_1_1_1_1_1_1_1_1_1_1_1_1_1_2_13,2.5803011002807508,35,Unknown,Curuai - Regional Watershed,2001,"{""type"":""MultiPoint"",""coordinates"":[]}"
1_1_1_1_1_1_1_1_1_1_1_1_1_1_1_1_1_1_1_1_1_1_2_0,31.651607543029805,0,Unknown,Curuai - Regional Watershed,2002,"{""type"":""MultiPoint"",""coordinates"":[]}"
1_1_1_1_1_1_1_1_1_1_1_1_1_1_1_1_1_1_1_1_1_1_2_1,290890.04031449824,3,Forest Formation,Curuai - Regional Watershed,2002,"{""type"":""MultiPoint"",""coordinates"":[]}"
1_1_1_1_1_1_1_1_1_1_1_1_1_1_1_1_1_1_1_1_1_1_2_2,557.8527694436616,4,Savanna Formation,Curuai - Regional Watershed,2002,"{""type"":""MultiPoint"",""coordinates"":[]}"
1_1_1_1_1_1_1_1_1_1_1_1_1_1_1_1_1_1_1_1_1_1_2_3,18047.36072804804,6,Unknown,Curuai - Regional Watershed,2002,"{""type"":""MultiPoint"",""coordinates"":[]}"
1_1_1_1_1_1_1_1_1_1_1_1_1_1_1_1_1_1_1_1_1_1_2_4,6198.752698599128,11,Wetland,Curuai - Regional Watershed,2002,"{""type"":""MultiPoint"",""coordinates"":[]}"
1_1_1_1_1_1_1_1_1_1_1_1_1_1_1_1_1_1_1_1_1_1_2_5,4301.3904847076055,12,Grassland,Curuai - Regional Watershed,2002,"{""type"":""MultiPoint"",""coordinates"":[]}"
1_1_1_1_1_1_1_1_1_1_1_1_1_1_1_1_1_1_1_1_1_1_2_6,3370.093935610857,15,Pasture,Curuai - Regional Watershed,2002,"{""type"":""MultiPoint"",""coordinates"":[]}"
1_1_1_1_1_1_1_1_1_1_1_1_1_1_1_1_1_1_1_1_1_1_2_7,39.962121297539944,20,Sugar Cane,Curuai - Regional Watershed,2002,"{""type"":""MultiPoint"",""coordinates"":[]}"
1_1_1_1_1_1_1_1_1_1_1_1_1_1_1_1_1_1_1_1_1_1_2_8,128.0452711131203,24,Urban Infrastructure,Curuai - Regional Watershed,2002,"{""type"":""MultiPoint"",""coordinates"":[]}"
1_1_1_1_1_1_1_1_1_1_1_1_1_1_1_1_1_1_1_1_1_1_2_9,199.19870757847343,25,Other Non Vegetated,Curuai - Regional Watershed,2002,"{""type"":""MultiPoint"",""coordinates"":[]}"
1_1_1_1_1_1_1_1_1_1_1_1_1_1_1_1_1_1_1_1_1_1_2_10,165.54598006899184,29,Rocky outcrop,Curuai - Regional Watershed,2002,"{""type"":""MultiPoint"",""coordinates"":[]}"
1_1_1_1_1_1_1_1_1_1_1_1_1_1_1_1_1_1_1_1_1_1_2_11,89.89054471628859,30,Mining,Curuai - Regional Watershed,2002,"{""type"":""MultiPoint"",""coordinates"":[]}"
1_1_1_1_1_1_1_1_1_1_1_1_1_1_1_1_1_1_1_1_1_1_2_12,0.2545059468383789,31,Aquaculture,Curuai - Regional Watershed,2002,"{""type"":""MultiPoint"",""coordinates"":[]}"
1_1_1_1_1_1_1_1_1_1_1_1_1_1_1_1_1_1_1_1_1_1_2_13,18196.057914117322,33,"River, Lake and Ocean",Curuai - Regional Watershed,2002,"{""type"":""MultiPoint"",""coordinates"":[]}"
1_1_1_1_1_1_1_1_1_1_1_1_1_1_1_1_1_1_1_1_1_1_2_14,0.3888231883544924,35,Unknown,Curuai - Regional Watershed,2002,"{""type"":""MultiPoint"",""coordinates"":[]}"
1_1_1_1_1_1_1_1_1_1_1_1_1_1_1_1_1_1_1_1_1_2_0,31.934796421569807,0,Unknown,Curuai - Regional Watershed,2003,"{""type"":""MultiPoint"",""coordinates"":[]}"
1_1_1_1_1_1_1_1_1_1_1_1_1_1_1_1_1_1_1_1_1_2_1,290795.0131388195,3,Forest Formation,Curuai - Regional Watershed,2003,"{""type"":""MultiPoint"",""coordinates"":[]}"
1_1_1_1_1_1_1_1_1_1_1_1_1_1_1_1_1_1_1_1_1_2_2,557.8572155311864,4,Savanna Formation,Curuai - Regional Watershed,2003,"{""type"":""MultiPoint"",""coordinates"":[]}"
1_1_1_1_1_1_1_1_1_1_1_1_1_1_1_1_1_1_1_1_1_2_3,18050.035609080842,6,Unknown,Curuai - Regional Watershed,2003,"{""type"":""MultiPoint"",""coordinates"":[]}"
1_1_1_1_1_1_1_1_1_1_1_1_1_1_1_1_1_1_1_1_1_2_4,6732.578448043763,11,Wetland,Curuai - Regional Watershed,2003,"{""type"":""MultiPoint"",""coordinates"":[]}"
1_1_1_1_1_1_1_1_1_1_1_1_1_1_1_1_1_1_1_1_1_2_5,4302.183405183725,12,Grassland,Curuai - Regional Watershed,2003,"{""type"":""MultiPoint"",""coordinates"":[]}"
1_1_1_1_1_1_1_1_1_1_1_1_1_1_1_1_1_1_1_1_1_2_6,3443.294656615352,15,Pasture,Curuai - Regional Watershed,2003,"{""type"":""MultiPoint"",""coordinates"":[]}"
1_1_1_1_1_1_1_1_1_1_1_1_1_1_1_1_1_1_1_1_1_2_7,40.642944682855074,20,Sugar Cane,Curuai - Regional Watershed,2003,"{""type"":""MultiPoint"",""coordinates"":[]}"
1_1_1_1_1_1_1_1_1_1_1_1_1_1_1_1_1_1_1_1_1_2_8,129.63141855963727,24,Urban Infrastructure,Curuai - Regional Watershed,2003,"{""type"":""MultiPoint"",""coordinates"":[]}"
1_1_1_1_1_1_1_1_1_1_1_1_1_1_1_1_1_1_1_1_1_2_9,202.28306417610727,25,Other Non Vegetated,Curuai - Regional Watershed,2003,"{""type"":""MultiPoint"",""coordinates"":[]}"
1_1_1_1_1_1_1_1_1_1_1_1_1_1_1_1_1_1_1_1_1_2_10,165.5459800689918,29,Rocky outcrop,Curuai - Regional Watershed,2003,"{""type"":""MultiPoint"",""coordinates"":[]}"
1_1_1_1_1_1_1_1_1_1_1_1_1_1_1_1_1_1_1_1_1_2_11,95.23773586673721,30,Mining,Curuai - Regional Watershed,2003,"{""type"":""MultiPoint"",""coordinates"":[]}"
1_1_1_1_1_1_1_1_1_1_1_1_1_1_1_1_1_1_1_1_1_2_12,0.2679016224365236,31,Aquaculture,Curuai - Regional Watershed,2003,"{""type"":""MultiPoint"",""coordinates"":[]}"
1_1_1_1_1_1_1_1_1_1_1_1_1_1_1_1_1_1_1_1_1_2_13,17668.92238243965,33,"River, Lake and Ocean",Curuai - Regional Watershed,2003,"{""type"":""MultiPoint"",""coordinates"":[]}"
1_1_1_1_1_1_1_1_1_1_1_1_1_1_1_1_1_1_1_1_1_2_14,0.7335375053280114,35,Unknown,Curuai - Regional Watershed,2003,"{""type"":""MultiPoint"",""coordinates"":[]}"
1_1_1_1_1_1_1_1_1_1_1_1_1_1_1_1_1_1_1_1_1_2_15,0.32417186022949224,41,Mosaic of Crops,Curuai - Regional Watershed,2003,"{""type"":""MultiPoint"",""coordinates"":[]}"
1_1_1_1_1_1_1_1_1_1_1_1_1_1_1_1_1_1_1_1_2_0,30.74213528625491,0,Unknown,Curuai - Regional Watershed,2004,"{""type"":""MultiPoint"",""coordinates"":[]}"
1_1_1_1_1_1_1_1_1_1_1_1_1_1_1_1_1_1_1_1_2_1,290691.67115450354,3,Forest Formation,Curuai - Regional Watershed,2004,"{""type"":""MultiPoint"",""coordinates"":[]}"
1_1_1_1_1_1_1_1_1_1_1_1_1_1_1_1_1_1_1_1_2_2,557.8793133391084,4,Savanna Formation,Curuai - Regional Watershed,2004,"{""type"":""MultiPoint"",""coordinates"":[]}"
1_1_1_1_1_1_1_1_1_1_1_1_1_1_1_1_1_1_1_1_2_3,17986.70523476995,6,Unknown,Curuai - Regional Watershed,2004,"{""type"":""MultiPoint"",""coordinates"":[]}"
1_1_1_1_1_1_1_1_1_1_1_1_1_1_1_1_1_1_1_1_2_4,7079.4831664965795,11,Wetland,Curuai - Regional Watershed,2004,"{""type"":""MultiPoint"",""coordinates"":[]}"
1_1_1_1_1_1_1_1_1_1_1_1_1_1_1_1_1_1_1_1_2_5,4298.433393465439,12,Grassland,Curuai - Regional Watershed,2004,"{""type"":""MultiPoint"",""coordinates"":[]}"
1_1_1_1_1_1_1_1_1_1_1_1_1_1_1_1_1_1_1_1_2_6,3574.2210141317064,15,Pasture,Curuai - Regional Watershed,2004,"{""type"":""MultiPoint"",""coordinates"":[]}"
1_1_1_1_1_1_1_1_1_1_1_1_1_1_1_1_1_1_1_1_2_7,41.322869985833265,20,Sugar Cane,Curuai - Regional Watershed,2004,"{""type"":""MultiPoint"",""coordinates"":[]}"
1_1_1_1_1_1_1_1_1_1_1_1_1_1_1_1_1_1_1_1_2_8,134.0615859970806,24,Urban Infrastructure,Curuai - Regional Watershed,2004,"{""type"":""MultiPoint"",""coordinates"":[]}"
1_1_1_1_1_1_1_1_1_1_1_1_1_1_1_1_1_1_1_1_2_9,205.5859180738328,25,Other Non Vegetated,Curuai - Regional Watershed,2004,"{""type"":""MultiPoint"",""coordinates"":[]}"
1_1_1_1_1_1_1_1_1_1_1_1_1_1_1_1_1_1_1_1_2_10,165.54598006899184,29,Rocky outcrop,Curuai - Regional Watershed,2004,"{""type"":""MultiPoint"",""coordinates"":[]}"
1_1_1_1_1_1_1_1_1_1_1_1_1_1_1_1_1_1_1_1_2_11,100.09769889390614,30,Mining,Curuai - Regional Watershed,2004,"{""type"":""MultiPoint"",""coordinates"":[]}"
1_1_1_1_1_1_1_1_1_1_1_1_1_1_1_1_1_1_1_1_2_12,0.2679017084960939,31,Aquaculture,Curuai - Regional Watershed,2004,"{""type"":""MultiPoint"",""coordinates"":[]}"
1_1_1_1_1_1_1_1_1_1_1_1_1_1_1_1_1_1_1_1_2_13,17349.842560617384,33,"River, Lake and Ocean",Curuai - Regional Watershed,2004,"{""type"":""MultiPoint"",""coordinates"":[]}"
1_1_1_1_1_1_1_1_1_1_1_1_1_1_1_1_1_1_1_1_2_14,0.37005210021972706,35,Unknown,Curuai - Regional Watershed,2004,"{""type"":""MultiPoint"",""coordinates"":[]}"
1_1_1_1_1_1_1_1_1_1_1_1_1_1_1_1_1_1_1_1_2_15,0.2564270399169922,41,Mosaic of Crops,Curuai - Regional Watershed,2004,"{""type"":""MultiPoint"",""coordinates"":[]}"
1_1_1_1_1_1_1_1_1_1_1_1_1_1_1_1_1_1_1_2_0,29.435366422694333,0,Unknown,Curuai - Regional Watershed,2005,"{""type"":""MultiPoint"",""coordinates"":[]}"
1_1_1_1_1_1_1_1_1_1_1_1_1_1_1_1_1_1_1_2_1,290492.9358070288,3,Forest Formation,Curuai - Regional Watershed,2005,"{""type"":""MultiPoint"",""coordinates"":[]}"
1_1_1_1_1_1_1_1_1_1_1_1_1_1_1_1_1_1_1_2_2,557.797915135607,4,Savanna Formation,Curuai - Regional Watershed,2005,"{""type"":""MultiPoint"",""coordinates"":[]}"
1_1_1_1_1_1_1_1_1_1_1_1_1_1_1_1_1_1_1_2_3,17979.231842731704,6,Unknown,Curuai - Regional Watershed,2005,"{""type"":""MultiPoint"",""coordinates"":[]}"
1_1_1_1_1_1_1_1_1_1_1_1_1_1_1_1_1_1_1_2_4,6738.536094572345,11,Wetland,Curuai - Regional Watershed,2005,"{""type"":""MultiPoint"",""coordinates"":[]}"
1_1_1_1_1_1_1_1_1_1_1_1_1_1_1_1_1_1_1_2_5,4286.8659688097405,12,Grassland,Curuai - Regional Watershed,2005,"{""type"":""MultiPoint"",""coordinates"":[]}"
1_1_1_1_1_1_1_1_1_1_1_1_1_1_1_1_1_1_1_2_6,3757.747081078132,15,Pasture,Curuai - Regional Watershed,2005,"{""type"":""MultiPoint"",""coordinates"":[]}"
1_1_1_1_1_1_1_1_1_1_1_1_1_1_1_1_1_1_1_2_7,43.04757952181447,20,Sugar Cane,Curuai - Regional Watershed,2005,"{""type"":""MultiPoint"",""coordinates"":[]}"
1_1_1_1_1_1_1_1_1_1_1_1_1_1_1_1_1_1_1_2_8,135.81522244621576,24,Urban Infrastructure,Curuai - Regional Watershed,2005,"{""type"":""MultiPoint"",""coordinates"":[]}"
1_1_1_1_1_1_1_1_1_1_1_1_1_1_1_1_1_1_1_2_9,209.90769731570074,25,Other Non Vegetated,Curuai - Regional Watershed,2005,"{""type"":""MultiPoint"",""coordinates"":[]}"
1_1_1_1_1_1_1_1_1_1_1_1_1_1_1_1_1_1_1_2_10,165.54598006899178,29,Rocky outcrop,Curuai - Regional Watershed,2005,"{""type"":""MultiPoint"",""coordinates"":[]}"
1_1_1_1_1_1_1_1_1_1_1_1_1_1_1_1_1_1_1_2_11,102.71372851631153,30,Mining,Curuai - Regional Watershed,2005,"{""type"":""MultiPoint"",""coordinates"":[]}"
1_1_1_1_1_1_1_1_1_1_1_1_1_1_1_1_1_1_1_2_12,0.428647818603516,31,Aquaculture,Curuai - Regional Watershed,2005,"{""type"":""MultiPoint"",""coordinates"":[]}"
1_1_1_1_1_1_1_1_1_1_1_1_1_1_1_1_1_1_1_2_13,17707.352279595096,33,"River, Lake and Ocean",Curuai - Regional Watershed,2005,"{""type"":""MultiPoint"",""coordinates"":[]}"
1_1_1_1_1_1_1_1_1_1_1_1_1_1_1_1_1_1_1_2_14,0.18769539660644535,35,Unknown,Curuai - Regional Watershed,2005,"{""type"":""MultiPoint"",""coordinates"":[]}"
1_1_1_1_1_1_1_1_1_1_1_1_1_1_1_1_1_1_1_2_15,8.937500021240236,41,Mosaic of Crops,Curuai - Regional Watershed,2005,"{""type"":""MultiPoint"",""coordinates"":[]}"
1_1_1_1_1_1_1_1_1_1_1_1_1_1_1_1_1_1_2_0,30.261338911491144,0,Unknown,Curuai - Regional Watershed,2006,"{""type"":""MultiPoint"",""coordinates"":[]}"
1_1_1_1_1_1_1_1_1_1_1_1_1_1_1_1_1_1_2_1,290383.93163433555,3,Forest Formation,Curuai - Regional Watershed,2006,"{""type"":""MultiPoint"",""coordinates"":[]}"
1_1_1_1_1_1_1_1_1_1_1_1_1_1_1_1_1_1_2_2,557.7236609514639,4,Savanna Formation,Curuai - Regional Watershed,2006,"{""type"":""MultiPoint"",""coordinates"":[]}"
1_1_1_1_1_1_1_1_1_1_1_1_1_1_1_1_1_1_2_3,17987.02559624251,6,Unknown,Curuai - Regional Watershed,2006,"{""type"":""MultiPoint"",""coordinates"":[]}"
1_1_1_1_1_1_1_1_1_1_1_1_1_1_1_1_1_1_2_4,6481.796586547311,11,Wetland,Curuai - Regional Watershed,2006,"{""type"":""MultiPoint"",""coordinates"":[]}"
1_1_1_1_1_1_1_1_1_1_1_1_1_1_1_1_1_1_2_5,4267.891139743886,12,Grassland,Curuai - Regional Watershed,2006,"{""type"":""MultiPoint"",""coordinates"":[]}"
1_1_1_1_1_1_1_1_1_1_1_1_1_1_1_1_1_1_2_6,3876.7599278792404,15,Pasture,Curuai - Regional Watershed,2006,"{""type"":""MultiPoint"",""coordinates"":[]}"
1_1_1_1_1_1_1_1_1_1_1_1_1_1_1_1_1_1_2_7,43.217338026392184,20,Sugar Cane,Curuai - Regional Watershed,2006,"{""type"":""MultiPoint"",""coordinates"":[]}"
1_1_1_1_1_1_1_1_1_1_1_1_1_1_1_1_1_1_2_8,137.13292868571406,24,Urban Infrastructure,Curuai - Regional Watershed,2006,"{""type"":""MultiPoint"",""coordinates"":[]}"
1_1_1_1_1_1_1_1_1_1_1_1_1_1_1_1_1_1_2_9,204.49802288946506,25,Other Non Vegetated,Curuai - Regional Watershed,2006,"{""type"":""MultiPoint"",""coordinates"":[]}"
1_1_1_1_1_1_1_1_1_1_1_1_1_1_1_1_1_1_2_10,165.5459800689918,29,Rocky outcrop,Curuai - Regional Watershed,2006,"{""type"":""MultiPoint"",""coordinates"":[]}"
1_1_1_1_1_1_1_1_1_1_1_1_1_1_1_1_1_1_2_11,107.19607815328311,30,Mining,Curuai - Regional Watershed,2006,"{""type"":""MultiPoint"",""coordinates"":[]}"
1_1_1_1_1_1_1_1_1_1_1_1_1_1_1_1_1_1_2_12,0.42775667474365286,31,Aquaculture,Curuai - Regional Watershed,2006,"{""type"":""MultiPoint"",""coordinates"":[]}"
1_1_1_1_1_1_1_1_1_1_1_1_1_1_1_1_1_1_2_13,17963.601277835485,33,"River, Lake and Ocean",Curuai - Regional Watershed,2006,"{""type"":""MultiPoint"",""coordinates"":[]}"
1_1_1_1_1_1_1_1_1_1_1_1_1_1_1_1_1_1_2_14,0.24313388800048846,35,Unknown,Curuai - Regional Watershed,2006,"{""type"":""MultiPoint"",""coordinates"":[]}"
1_1_1_1_1_1_1_1_1_1_1_1_1_1_1_1_1_1_2_15,9.234005645019536,41,Mosaic of Crops,Curuai - Regional Watershed,2006,"{""type"":""MultiPoint"",""coordinates"":[]}"
1_1_1_1_1_1_1_1_1_1_1_1_1_1_1_1_1_2_0,26.872258151367188,0,Unknown,Curuai - Regional Watershed,2007,"{""type"":""MultiPoint"",""coordinates"":[]}"
1_1_1_1_1_1_1_1_1_1_1_1_1_1_1_1_1_2_1,290299.05233423,3,Forest Formation,Curuai - Regional Watershed,2007,"{""type"":""MultiPoint"",""coordinates"":[]}"
1_1_1_1_1_1_1_1_1_1_1_1_1_1_1_1_1_2_2,557.7037203679143,4,Savanna Formation,Curuai - Regional Watershed,2007,"{""type"":""MultiPoint"",""coordinates"":[]}"
1_1_1_1_1_1_1_1_1_1_1_1_1_1_1_1_1_2_3,18141.0086782863,6,Unknown,Curuai - Regional Watershed,2007,"{""type"":""MultiPoint"",""coordinates"":[]}"
1_1_1_1_1_1_1_1_1_1_1_1_1_1_1_1_1_2_4,6115.126722410694,11,Wetland,Curuai - Regional Watershed,2007,"{""type"":""MultiPoint"",""coordinates"":[]}"
1_1_1_1_1_1_1_1_1_1_1_1_1_1_1_1_1_2_5,4253.95680535633,12,Grassland,Curuai - Regional Watershed,2007,"{""type"":""MultiPoint"",""coordinates"":[]}"
1_1_1_1_1_1_1_1_1_1_1_1_1_1_1_1_1_2_6,3856.4719545588177,15,Pasture,Curuai - Regional Watershed,2007,"{""type"":""MultiPoint"",""coordinates"":[]}"
1_1_1_1_1_1_1_1_1_1_1_1_1_1_1_1_1_2_7,43.264688920557234,20,Sugar Cane,Curuai - Regional Watershed,2007,"{""type"":""MultiPoint"",""coordinates"":[]}"
1_1_1_1_1_1_1_1_1_1_1_1_1_1_1_1_1_2_8,139.341880507453,24,Urban Infrastructure,Curuai - Regional Watershed,2007,"{""type"":""MultiPoint"",""coordinates"":[]}"
1_1_1_1_1_1_1_1_1_1_1_1_1_1_1_1_1_2_9,200.45415455179221,25,Other Non Vegetated,Curuai - Regional Watershed,2007,"{""type"":""MultiPoint"",""coordinates"":[]}"
1_1_1_1_1_1_1_1_1_1_1_1_1_1_1_1_1_2_10,165.5459800689918,29,Rocky outcrop,Curuai - Regional Watershed,2007,"{""type"":""MultiPoint"",""coordinates"":[]}"
1_1_1_1_1_1_1_1_1_1_1_1_1_1_1_1_1_2_11,113.24834205257685,30,Mining,Curuai - Regional Watershed,2007,"{""type"":""MultiPoint"",""coordinates"":[]}"
1_1_1_1_1_1_1_1_1_1_1_1_1_1_1_1_1_2_12,0.3393514260253905,31,Aquaculture,Curuai - Regional Watershed,2007,"{""type"":""MultiPoint"",""coordinates"":[]}"
1_1_1_1_1_1_1_1_1_1_1_1_1_1_1_1_1_2_13,18302.706755850395,33,"River, Lake and Ocean",Curuai - Regional Watershed,2007,"{""type"":""MultiPoint"",""coordinates"":[]}"
1_1_1_1_1_1_1_1_1_1_1_1_1_1_1_1_1_2_14,0.14927800994873047,35,Unknown,Curuai - Regional Watershed,2007,"{""type"":""MultiPoint"",""coordinates"":[]}"
1_1_1_1_1_1_1_1_1_1_1_1_1_1_1_1_1_2_15,1.243501729064941,41,Mosaic of Crops,Curuai - Regional Watershed,2007,"{""type"":""MultiPoint"",""coordinates"":[]}"
1_1_1_1_1_1_1_1_1_1_1_1_1_1_1_1_2_0,23.243678407521436,0,Unknown,Curuai - Regional Watershed,2008,"{""type"":""MultiPoint"",""coordinates"":[]}"
1_1_1_1_1_1_1_1_1_1_1_1_1_1_1_1_2_1,290232.50649014075,3,Forest Formation,Curuai - Regional Watershed,2008,"{""type"":""MultiPoint"",""coordinates"":[]}"
1_1_1_1_1_1_1_1_1_1_1_1_1_1_1_1_2_2,557.5574998246406,4,Savanna Formation,Curuai - Regional Watershed,2008,"{""type"":""MultiPoint"",""coordinates"":[]}"
1_1_1_1_1_1_1_1_1_1_1_1_1_1_1_1_2_3,18187.08165810691,6,Unknown,Curuai - Regional Watershed,2008,"{""type"":""MultiPoint"",""coordinates"":[]}"
1_1_1_1_1_1_1_1_1_1_1_1_1_1_1_1_2_4,5755.63656361915,11,Wetland,Curuai - Regional Watershed,2008,"{""type"":""MultiPoint"",""coordinates"":[]}"
1_1_1_1_1_1_1_1_1_1_1_1_1_1_1_1_2_5,4248.115139697391,12,Grassland,Curuai - Regional Watershed,2008,"{""type"":""MultiPoint"",""coordinates"":[]}"
1_1_1_1_1_1_1_1_1_1_1_1_1_1_1_1_2_6,3898.1663746963013,15,Pasture,Curuai - Regional Watershed,2008,"{""type"":""MultiPoint"",""coordinates"":[]}"
1_1_1_1_1_1_1_1_1_1_1_1_1_1_1_1_2_7,43.29519194242984,20,Sugar Cane,Curuai - Regional Watershed,2008,"{""type"":""MultiPoint"",""coordinates"":[]}"
1_1_1_1_1_1_1_1_1_1_1_1_1_1_1_1_2_8,141.53334496859677,24,Urban Infrastructure,Curuai - Regional Watershed,2008,"{""type"":""MultiPoint"",""coordinates"":[]}"
1_1_1_1_1_1_1_1_1_1_1_1_1_1_1_1_2_9,203.75567492998204,25,Other Non Vegetated,Curuai - Regional Watershed,2008,"{""type"":""MultiPoint"",""coordinates"":[]}"
1_1_1_1_1_1_1_1_1_1_1_1_1_1_1_1_2_10,165.5459800689919,29,Rocky outcrop,Curuai - Regional Watershed,2008,"{""type"":""MultiPoint"",""coordinates"":[]}"
1_1_1_1_1_1_1_1_1_1_1_1_1_1_1_1_2_11,118.10821733659812,30,Mining,Curuai - Regional Watershed,2008,"{""type"":""MultiPoint"",""coordinates"":[]}"
1_1_1_1_1_1_1_1_1_1_1_1_1_1_1_1_2_12,0.31881324383544907,31,Aquaculture,Curuai - Regional Watershed,2008,"{""type"":""MultiPoint"",""coordinates"":[]}"
1_1_1_1_1_1_1_1_1_1_1_1_1_1_1_1_2_13,18639.725930615576,33,"River, Lake and Ocean",Curuai - Regional Watershed,2008,"{""type"":""MultiPoint"",""coordinates"":[]}"
1_1_1_1_1_1_1_1_1_1_1_1_1_1_1_1_2_14,0.12067226409912116,35,Unknown,Curuai - Regional Watershed,2008,"{""type"":""MultiPoint"",""coordinates"":[]}"
1_1_1_1_1_1_1_1_1_1_1_1_1_1_1_1_2_15,1.7751766145629881,41,Mosaic of Crops,Curuai - Regional Watershed,2008,"{""type"":""MultiPoint"",""coordinates"":[]}"
1_1_1_1_1_1_1_1_1_1_1_1_1_1_1_2_0,26.174473916748067,0,Unknown,Curuai - Regional Watershed,2009,"{""type"":""MultiPoint"",""coordinates"":[]}"
1_1_1_1_1_1_1_1_1_1_1_1_1_1_1_2_1,290067.99704427755,3,Forest Formation,Curuai - Regional Watershed,2009,"{""type"":""MultiPoint"",""coordinates"":[]}"
1_1_1_1_1_1_1_1_1_1_1_1_1_1_1_2_2,557.4997359154,4,Savanna Formation,Curuai - Regional Watershed,2009,"{""type"":""MultiPoint"",""coordinates"":[]}"
1_1_1_1_1_1_1_1_1_1_1_1_1_1_1_2_3,18116.861589718254,6,Unknown,Curuai - Regional Watershed,2009,"{""type"":""MultiPoint"",""coordinates"":[]}"
1_1_1_1_1_1_1_1_1_1_1_1_1_1_1_2_4,5568.23272898834,11,Wetland,Curuai - Regional Watershed,2009,"{""type"":""MultiPoint"",""coordinates"":[]}"
1_1_1_1_1_1_1_1_1_1_1_1_1_1_1_2_5,4252.96623393243,12,Grassland,Curuai - Regional Watershed,2009,"{""type"":""MultiPoint"",""coordinates"":[]}"
1_1_1_1_1_1_1_1_1_1_1_1_1_1_1_2_6,4086.7982726814707,15,Pasture,Curuai - Regional Watershed,2009,"{""type"":""MultiPoint"",""coordinates"":[]}"
1_1_1_1_1_1_1_1_1_1_1_1_1_1_1_2_7,43.28089415318425,20,Sugar Cane,Curuai - Regional Watershed,2009,"{""type"":""MultiPoint"",""coordinates"":[]}"
1_1_1_1_1_1_1_1_1_1_1_1_1_1_1_2_8,143.46047243828448,24,Urban Infrastructure,Curuai - Regional Watershed,2009,"{""type"":""MultiPoint"",""coordinates"":[]}"
1_1_1_1_1_1_1_1_1_1_1_1_1_1_1_2_9,208.06783633902816,25,Other Non Vegetated,Curuai - Regional Watershed,2009,"{""type"":""MultiPoint"",""coordinates"":[]}"
1_1_1_1_1_1_1_1_1_1_1_1_1_1_1_2_10,165.54598006899184,29,Rocky outcrop,Curuai - Regional Watershed,2009,"{""type"":""MultiPoint"",""coordinates"":[]}"
1_1_1_1_1_1_1_1_1_1_1_1_1_1_1_2_11,125.73196303259294,30,Mining,Curuai - Regional Watershed,2009,"{""type"":""MultiPoint"",""coordinates"":[]}"
1_1_1_1_1_1_1_1_1_1_1_1_1_1_1_2_12,0.4670484556884764,31,Aquaculture,Curuai - Regional Watershed,2009,"{""type"":""MultiPoint"",""coordinates"":[]}"
1_1_1_1_1_1_1_1_1_1_1_1_1_1_1_2_13,18851.60364230552,33,"River, Lake and Ocean",Curuai - Regional Watershed,2009,"{""type"":""MultiPoint"",""coordinates"":[]}"
1_1_1_1_1_1_1_1_1_1_1_1_1_1_1_2_14,0.17429587982177747,35,Unknown,Curuai - Regional Watershed,2009,"{""type"":""MultiPoint"",""coordinates"":[]}"
1_1_1_1_1_1_1_1_1_1_1_1_1_1_1_2_15,1.6241943741455063,41,Mosaic of Crops,Curuai - Regional Watershed,2009,"{""type"":""MultiPoint"",""coordinates"":[]}"
1_1_1_1_1_1_1_1_1_1_1_1_1_1_2_0,28.16472757281495,0,Unknown,Curuai - Regional Watershed,2010,"{""type"":""MultiPoint"",""coordinates"":[]}"
1_1_1_1_1_1_1_1_1_1_1_1_1_1_2_1,290016.9422783332,3,Forest Formation,Curuai - Regional Watershed,2010,"{""type"":""MultiPoint"",""coordinates"":[]}"
1_1_1_1_1_1_1_1_1_1_1_1_1_1_2_2,557.6631507894842,4,Savanna Formation,Curuai - Regional Watershed,2010,"{""type"":""MultiPoint"",""coordinates"":[]}"
1_1_1_1_1_1_1_1_1_1_1_1_1_1_2_3,18146.19402875681,6,Unknown,Curuai - Regional Watershed,2010,"{""type"":""MultiPoint"",""coordinates"":[]}"
1_1_1_1_1_1_1_1_1_1_1_1_1_1_2_4,6368.846275002597,11,Wetland,Curuai - Regional Watershed,2010,"{""type"":""MultiPoint"",""coordinates"":[]}"
1_1_1_1_1_1_1_1_1_1_1_1_1_1_2_5,4258.801794984758,12,Grassland,Curuai - Regional Watershed,2010,"{""type"":""MultiPoint"",""coordinates"":[]}"
1_1_1_1_1_1_1_1_1_1_1_1_1_1_2_6,4133.276820646062,15,Pasture,Curuai - Regional Watershed,2010,"{""type"":""MultiPoint"",""coordinates"":[]}"
1_1_1_1_1_1_1_1_1_1_1_1_1_1_2_7,43.068811878662856,20,Sugar Cane,Curuai - Regional Watershed,2010,"{""type"":""MultiPoint"",""coordinates"":[]}"
1_1_1_1_1_1_1_1_1_1_1_1_1_1_2_8,145.95377032600763,24,Urban Infrastructure,Curuai - Regional Watershed,2010,"{""type"":""MultiPoint"",""coordinates"":[]}"
1_1_1_1_1_1_1_1_1_1_1_1_1_1_2_9,199.66517257379,25,Other Non Vegetated,Curuai - Regional Watershed,2010,"{""type"":""MultiPoint"",""coordinates"":[]}"
1_1_1_1_1_1_1_1_1_1_1_1_1_1_2_10,165.5459800689918,29,Rocky outcrop,Curuai - Regional Watershed,2010,"{""type"":""MultiPoint"",""coordinates"":[]}"
1_1_1_1_1_1_1_1_1_1_1_1_1_1_2_11,129.00135497316506,30,Mining,Curuai - Regional Watershed,2010,"{""type"":""MultiPoint"",""coordinates"":[]}"
1_1_1_1_1_1_1_1_1_1_1_1_1_1_2_12,0.47329865838623036,31,Aquaculture,Curuai - Regional Watershed,2010,"{""type"":""MultiPoint"",""coordinates"":[]}"
1_1_1_1_1_1_1_1_1_1_1_1_1_1_2_13,18021.459738112764,33,"River, Lake and Ocean",Curuai - Regional Watershed,2010,"{""type"":""MultiPoint"",""coordinates"":[]}"
1_1_1_1_1_1_1_1_1_1_1_1_1_1_2_14,0.201127437072754,35,Unknown,Curuai - Regional Watershed,2010,"{""type"":""MultiPoint"",""coordinates"":[]}"
1_1_1_1_1_1_1_1_1_1_1_1_1_1_2_15,1.2280763638916028,41,Mosaic of Crops,Curuai - Regional Watershed,2010,"{""type"":""MultiPoint"",""coordinates"":[]}"
1_1_1_1_1_1_1_1_1_1_1_1_1_2_0,25.895410468405576,0,Unknown,Curuai - Regional Watershed,2011,"{""type"":""MultiPoint"",""coordinates"":[]}"
1_1_1_1_1_1_1_1_1_1_1_1_1_2_1,290073.3560412294,3,Forest Formation,Curuai - Regional Watershed,2011,"{""type"":""MultiPoint"",""coordinates"":[]}"
1_1_1_1_1_1_1_1_1_1_1_1_1_2_2,557.887483252375,4,Savanna Formation,Curuai - Regional Watershed,2011,"{""type"":""MultiPoint"",""coordinates"":[]}"
1_1_1_1_1_1_1_1_1_1_1_1_1_2_3,18233.92098369188,6,Unknown,Curuai - Regional Watershed,2011,"{""type"":""MultiPoint"",""coordinates"":[]}"
1_1_1_1_1_1_1_1_1_1_1_1_1_2_4,6140.7894208306925,11,Wetland,Curuai - Regional Watershed,2011,"{""type"":""MultiPoint"",""coordinates"":[]}"
1_1_1_1_1_1_1_1_1_1_1_1_1_2_5,4255.325609968134,12,Grassland,Curuai - Regional Watershed,2011,"{""type"":""MultiPoint"",""coordinates"":[]}"
1_1_1_1_1_1_1_1_1_1_1_1_1_2_6,4058.992323044839,15,Pasture,Curuai - Regional Watershed,2011,"{""type"":""MultiPoint"",""coordinates"":[]}"
1_1_1_1_1_1_1_1_1_1_1_1_1_2_7,42.93255221260844,20,Sugar Cane,Curuai - Regional Watershed,2011,"{""type"":""MultiPoint"",""coordinates"":[]}"
1_1_1_1_1_1_1_1_1_1_1_1_1_2_8,148.3628374487368,24,Urban Infrastructure,Curuai - Regional Watershed,2011,"{""type"":""MultiPoint"",""coordinates"":[]}"
1_1_1_1_1_1_1_1_1_1_1_1_1_2_9,189.26513044999518,25,Other Non Vegetated,Curuai - Regional Watershed,2011,"{""type"":""MultiPoint"",""coordinates"":[]}"
1_1_1_1_1_1_1_1_1_1_1_1_1_2_10,165.5459800689918,29,Rocky outcrop,Curuai - Regional Watershed,2011,"{""type"":""MultiPoint"",""coordinates"":[]}"
1_1_1_1_1_1_1_1_1_1_1_1_1_2_11,135.94398158564,30,Mining,Curuai - Regional Watershed,2011,"{""type"":""MultiPoint"",""coordinates"":[]}"
1_1_1_1_1_1_1_1_1_1_1_1_1_2_12,0.42863924401855463,31,Aquaculture,Curuai - Regional Watershed,2011,"{""type"":""MultiPoint"",""coordinates"":[]}"
1_1_1_1_1_1_1_1_1_1_1_1_1_2_13,18186.929678857297,33,"River, Lake and Ocean",Curuai - Regional Watershed,2011,"{""type"":""MultiPoint"",""coordinates"":[]}"
1_1_1_1_1_1_1_1_1_1_1_1_1_2_14,0.20022356115722664,35,Unknown,Curuai - Regional Watershed,2011,"{""type"":""MultiPoint"",""coordinates"":[]}"
1_1_1_1_1_1_1_1_1_1_1_1_1_2_15,0.7101105646972655,41,Mosaic of Crops,Curuai - Regional Watershed,2011,"{""type"":""MultiPoint"",""coordinates"":[]}"
1_1_1_1_1_1_1_1_1_1_1_1_2_0,24.985554768643972,0,Unknown,Curuai - Regional Watershed,2012,"{""type"":""MultiPoint"",""coordinates"":[]}"
1_1_1_1_1_1_1_1_1_1_1_1_2_1,290136.1669689732,3,Forest Formation,Curuai - Regional Watershed,2012,"{""type"":""MultiPoint"",""coordinates"":[]}"
1_1_1_1_1_1_1_1_1_1_1_1_2_2,558.0617996189451,4,Savanna Formation,Curuai - Regional Watershed,2012,"{""type"":""MultiPoint"",""coordinates"":[]}"
1_1_1_1_1_1_1_1_1_1_1_1_2_3,18266.179755077184,6,Unknown,Curuai - Regional Watershed,2012,"{""type"":""MultiPoint"",""coordinates"":[]}"
1_1_1_1_1_1_1_1_1_1_1_1_2_4,5607.063526703231,11,Wetland,Curuai - Regional Watershed,2012,"{""type"":""MultiPoint"",""coordinates"":[]}"
1_1_1_1_1_1_1_1_1_1_1_1_2_5,4258.19629725543,12,Grassland,Curuai - Regional Watershed,2012,"{""type"":""MultiPoint"",""coordinates"":[]}"
1_1_1_1_1_1_1_1_1_1_1_1_2_6,3934.9632421556153,15,Pasture,Curuai - Regional Watershed,2012,"{""type"":""MultiPoint"",""coordinates"":[]}"
1_1_1_1_1_1_1_1_1_1_1_1_2_7,42.77619570442971,20,Sugar Cane,Curuai - Regional Watershed,2012,"{""type"":""MultiPoint"",""coordinates"":[]}"
1_1_1_1_1_1_1_1_1_1_1_1_2_8,150.40962647370017,24,Urban Infrastructure,Curuai - Regional Watershed,2012,"{""type"":""MultiPoint"",""coordinates"":[]}"
1_1_1_1_1_1_1_1_1_1_1_1_2_9,182.77985832576846,25,Other Non Vegetated,Curuai - Regional Watershed,2012,"{""type"":""MultiPoint"",""coordinates"":[]}"
1_1_1_1_1_1_1_1_1_1_1_1_2_10,165.5459800689918,29,Rocky outcrop,Curuai - Regional Watershed,2012,"{""type"":""MultiPoint"",""coordinates"":[]}"
1_1_1_1_1_1_1_1_1_1_1_1_2_11,144.340573262602,30,Mining,Curuai - Regional Watershed,2012,"{""type"":""MultiPoint"",""coordinates"":[]}"
1_1_1_1_1_1_1_1_1_1_1_1_2_12,0.494712534118652,31,Aquaculture,Curuai - Regional Watershed,2012,"{""type"":""MultiPoint"",""coordinates"":[]}"
1_1_1_1_1_1_1_1_1_1_1_1_2_13,18739.886181895185,33,"River, Lake and Ocean",Curuai - Regional Watershed,2012,"{""type"":""MultiPoint"",""coordinates"":[]}"
1_1_1_1_1_1_1_1_1_1_1_1_2_14,0.20022356115722664,35,Unknown,Curuai - Regional Watershed,2012,"{""type"":""MultiPoint"",""coordinates"":[]}"
1_1_1_1_1_1_1_1_1_1_1_1_2_15,4.435910101196284,41,Mosaic of Crops,Curuai - Regional Watershed,2012,"{""type"":""MultiPoint"",""coordinates"":[]}"
1_1_1_1_1_1_1_1_1_1_1_2_0,27.251804948601695,0,Unknown,Curuai - Regional Watershed,2013,"{""type"":""MultiPoint"",""coordinates"":[]}"
1_1_1_1_1_1_1_1_1_1_1_2_1,290012.24049752514,3,Forest Formation,Curuai - Regional Watershed,2013,"{""type"":""MultiPoint"",""coordinates"":[]}"
1_1_1_1_1_1_1_1_1_1_1_2_2,557.3247913008787,4,Savanna Formation,Curuai - Regional Watershed,2013,"{""type"":""MultiPoint"",""coordinates"":[]}"
1_1_1_1_1_1_1_1_1_1_1_2_3,18272.19363178107,6,Unknown,Curuai - Regional Watershed,2013,"{""type"":""MultiPoint"",""coordinates"":[]}"
1_1_1_1_1_1_1_1_1_1_1_2_4,5661.793289648219,11,Wetland,Curuai - Regional Watershed,2013,"{""type"":""MultiPoint"",""coordinates"":[]}"
1_1_1_1_1_1_1_1_1_1_1_2_5,4260.608963494321,12,Grassland,Curuai - Regional Watershed,2013,"{""type"":""MultiPoint"",""coordinates"":[]}"
1_1_1_1_1_1_1_1_1_1_1_2_6,4063.855587484311,15,Pasture,Curuai - Regional Watershed,2013,"{""type"":""MultiPoint"",""coordinates"":[]}"
1_1_1_1_1_1_1_1_1_1_1_2_7,42.8842739771391,20,Sugar Cane,Curuai - Regional Watershed,2013,"{""type"":""MultiPoint"",""coordinates"":[]}"
1_1_1_1_1_1_1_1_1_1_1_2_8,152.78655918624463,24,Urban Infrastructure,Curuai - Regional Watershed,2013,"{""type"":""MultiPoint"",""coordinates"":[]}"
1_1_1_1_1_1_1_1_1_1_1_2_9,195.8136396335508,25,Other Non Vegetated,Curuai - Regional Watershed,2013,"{""type"":""MultiPoint"",""coordinates"":[]}"
1_1_1_1_1_1_1_1_1_1_1_2_10,165.54598006899178,29,Rocky outcrop,Curuai - Regional Watershed,2013,"{""type"":""MultiPoint"",""coordinates"":[]}"
1_1_1_1_1_1_1_1_1_1_1_2_11,152.30285447043963,30,Mining,Curuai - Regional Watershed,2013,"{""type"":""MultiPoint"",""coordinates"":[]}"
1_1_1_1_1_1_1_1_1_1_1_2_12,0.5259775740966791,31,Aquaculture,Curuai - Regional Watershed,2013,"{""type"":""MultiPoint"",""coordinates"":[]}"
1_1_1_1_1_1_1_1_1_1_1_2_13,18641.06534292213,33,"River, Lake and Ocean",Curuai - Regional Watershed,2013,"{""type"":""MultiPoint"",""coordinates"":[]}"
1_1_1_1_1_1_1_1_1_1_1_2_14,2.0515202324218773,35,Unknown,Curuai - Regional Watershed,2013,"{""type"":""MultiPoint"",""coordinates"":[]}"
1_1_1_1_1_1_1_1_1_1_1_2_15,8.241692231445306,41,Mosaic of Crops,Curuai - Regional Watershed,2013,"{""type"":""MultiPoint"",""coordinates"":[]}"
1_1_1_1_1_1_1_1_1_1_2_0,28.651009983779723,0,Unknown,Curuai - Regional Watershed,2014,"{""type"":""MultiPoint"",""coordinates"":[]}"
1_1_1_1_1_1_1_1_1_1_2_1,289924.6268137397,3,Forest Formation,Curuai - Regional Watershed,2014,"{""type"":""MultiPoint"",""coordinates"":[]}"
1_1_1_1_1_1_1_1_1_1_2_2,556.8992983868743,4,Savanna Formation,Curuai - Regional Watershed,2014,"{""type"":""MultiPoint"",""coordinates"":[]}"
1_1_1_1_1_1_1_1_1_1_2_3,18257.10496193101,6,Unknown,Curuai - Regional Watershed,2014,"{""type"":""MultiPoint"",""coordinates"":[]}"
1_1_1_1_1_1_1_1_1_1_2_4,5465.438713261555,11,Wetland,Curuai - Regional Watershed,2014,"{""type"":""MultiPoint"",""coordinates"":[]}"
1_1_1_1_1_1_1_1_1_1_2_5,4254.058514470726,12,Grassland,Curuai - Regional Watershed,2014,"{""type"":""MultiPoint"",""coordinates"":[]}"
1_1_1_1_1_1_1_1_1_1_2_6,4149.166346830863,15,Pasture,Curuai - Regional Watershed,2014,"{""type"":""MultiPoint"",""coordinates"":[]}"
1_1_1_1_1_1_1_1_1_1_2_7,42.8565770805327,20,Sugar Cane,Curuai - Regional Watershed,2014,"{""type"":""MultiPoint"",""coordinates"":[]}"
1_1_1_1_1_1_1_1_1_1_2_8,154.59681673914696,24,Urban Infrastructure,Curuai - Regional Watershed,2014,"{""type"":""MultiPoint"",""coordinates"":[]}"
1_1_1_1_1_1_1_1_1_1_2_9,197.47957360120577,25,Other Non Vegetated,Curuai - Regional Watershed,2014,"{""type"":""MultiPoint"",""coordinates"":[]}"
1_1_1_1_1_1_1_1_1_1_2_10,165.5459800689918,29,Rocky outcrop,Curuai - Regional Watershed,2014,"{""type"":""MultiPoint"",""coordinates"":[]}"
1_1_1_1_1_1_1_1_1_1_2_11,160.78292417814967,30,Mining,Curuai - Regional Watershed,2014,"{""type"":""MultiPoint"",""coordinates"":[]}"
1_1_1_1_1_1_1_1_1_1_2_12,0.49384313354492154,31,Aquaculture,Curuai - Regional Watershed,2014,"{""type"":""MultiPoint"",""coordinates"":[]}"
1_1_1_1_1_1_1_1_1_1_2_13,18848.057738062103,33,"River, Lake and Ocean",Curuai - Regional Watershed,2014,"{""type"":""MultiPoint"",""coordinates"":[]}"
1_1_1_1_1_1_1_1_1_1_2_14,0.4656590605490292,35,Unknown,Curuai - Regional Watershed,2014,"{""type"":""MultiPoint"",""coordinates"":[]}"
1_1_1_1_1_1_1_1_1_1_2_15,10.261635949951161,41,Mosaic of Crops,Curuai - Regional Watershed,2014,"{""type"":""MultiPoint"",""coordinates"":[]}"
1_1_1_1_1_1_1_1_1_2_0,31.18795735878955,0,Unknown,Curuai - Regional Watershed,2015,"{""type"":""MultiPoint"",""coordinates"":[]}"
1_1_1_1_1_1_1_1_1_2_1,289810.1538521278,3,Forest Formation,Curuai - Regional Watershed,2015,"{""type"":""MultiPoint"",""coordinates"":[]}"
1_1_1_1_1_1_1_1_1_2_2,556.5214579680511,4,Savanna Formation,Curuai - Regional Watershed,2015,"{""type"":""MultiPoint"",""coordinates"":[]}"
1_1_1_1_1_1_1_1_1_2_3,18273.115714841944,6,Unknown,Curuai - Regional Watershed,2015,"{""type"":""MultiPoint"",""coordinates"":[]}"
1_1_1_1_1_1_1_1_1_2_4,5971.236810131253,11,Wetland,Curuai - Regional Watershed,2015,"{""type"":""MultiPoint"",""coordinates"":[]}"
1_1_1_1_1_1_1_1_1_2_5,4264.79797306633,12,Grassland,Curuai - Regional Watershed,2015,"{""type"":""MultiPoint"",""coordinates"":[]}"
1_1_1_1_1_1_1_1_1_2_6,4277.399777987484,15,Pasture,Curuai - Regional Watershed,2015,"{""type"":""MultiPoint"",""coordinates"":[]}"
1_1_1_1_1_1_1_1_1_2_7,42.905413459945166,20,Sugar Cane,Curuai - Regional Watershed,2015,"{""type"":""MultiPoint"",""coordinates"":[]}"
1_1_1_1_1_1_1_1_1_2_8,157.15619824248313,24,Urban Infrastructure,Curuai - Regional Watershed,2015,"{""type"":""MultiPoint"",""coordinates"":[]}"
1_1_1_1_1_1_1_1_1_2_9,202.34886680483675,25,Other Non Vegetated,Curuai - Regional Watershed,2015,"{""type"":""MultiPoint"",""coordinates"":[]}"
1_1_1_1_1_1_1_1_1_2_10,165.54598006899187,29,Rocky outcrop,Curuai - Regional Watershed,2015,"{""type"":""MultiPoint"",""coordinates"":[]}"
1_1_1_1_1_1_1_1_1_2_11,173.06047351960456,30,Mining,Curuai - Regional Watershed,2015,"{""type"":""MultiPoint"",""coordinates"":[]}"
1_1_1_1_1_1_1_1_1_2_12,0.45096981481933573,31,Aquaculture,Curuai - Regional Watershed,2015,"{""type"":""MultiPoint"",""coordinates"":[]}"
1_1_1_1_1_1_1_1_1_2_13,18276.27920884916,33,"River, Lake and Ocean",Curuai - Regional Watershed,2015,"{""type"":""MultiPoint"",""coordinates"":[]}"
1_1_1_1_1_1_1_1_1_2_14,0.30928257653808594,35,Unknown,Curuai - Regional Watershed,2015,"{""type"":""MultiPoint"",""coordinates"":[]}"
1_1_1_1_1_1_1_1_1_2_15,14.016469660076062,41,Mosaic of Crops,Curuai - Regional Watershed,2015,"{""type"":""MultiPoint"",""coordinates"":[]}"
1_1_1_1_1_1_1_1_2_0,31.558780510177787,0,Unknown,Curuai - Regional Watershed,2016,"{""type"":""MultiPoint"",""coordinates"":[]}"
1_1_1_1_1_1_1_1_2_1,289662.3257067982,3,Forest Formation,Curuai - Regional Watershed,2016,"{""type"":""MultiPoint"",""coordinates"":[]}"
1_1_1_1_1_1_1_1_2_2,556.5890790515557,4,Savanna Formation,Curuai - Regional Watershed,2016,"{""type"":""MultiPoint"",""coordinates"":[]}"
1_1_1_1_1_1_1_1_2_3,18227.236117030723,6,Unknown,Curuai - Regional Watershed,2016,"{""type"":""MultiPoint"",""coordinates"":[]}"
1_1_1_1_1_1_1_1_2_4,6667.476542032816,11,Wetland,Curuai - Regional Watershed,2016,"{""type"":""MultiPoint"",""coordinates"":[]}"
1_1_1_1_1_1_1_1_2_5,4277.549604061509,12,Grassland,Curuai - Regional Watershed,2016,"{""type"":""MultiPoint"",""coordinates"":[]}"
1_1_1_1_1_1_1_1_2_6,4444.939809724205,15,Pasture,Curuai - Regional Watershed,2016,"{""type"":""MultiPoint"",""coordinates"":[]}"
1_1_1_1_1_1_1_1_2_7,42.925956721167005,20,Sugar Cane,Curuai - Regional Watershed,2016,"{""type"":""MultiPoint"",""coordinates"":[]}"
1_1_1_1_1_1_1_1_2_8,160.04328396852674,24,Urban Infrastructure,Curuai - Regional Watershed,2016,"{""type"":""MultiPoint"",""coordinates"":[]}"
1_1_1_1_1_1_1_1_2_9,209.58803964989275,25,Other Non Vegetated,Curuai - Regional Watershed,2016,"{""type"":""MultiPoint"",""coordinates"":[]}"
1_1_1_1_1_1_1_1_2_10,165.5459800689918,29,Rocky outcrop,Curuai - Regional Watershed,2016,"{""type"":""MultiPoint"",""coordinates"":[]}"
1_1_1_1_1_1_1_1_2_11,184.97756485097824,30,Mining,Curuai - Regional Watershed,2016,"{""type"":""MultiPoint"",""coordinates"":[]}"
1_1_1_1_1_1_1_1_2_12,0.48046263012695306,31,Aquaculture,Curuai - Regional Watershed,2016,"{""type"":""MultiPoint"",""coordinates"":[]}"
1_1_1_1_1_1_1_1_2_13,17571.80931880522,33,"River, Lake and Ocean",Curuai - Regional Watershed,2016,"{""type"":""MultiPoint"",""coordinates"":[]}"
1_1_1_1_1_1_1_1_2_14,0.10547446917724614,35,Unknown,Curuai - Regional Watershed,2016,"{""type"":""MultiPoint"",""coordinates"":[]}"
1_1_1_1_1_1_1_1_2_15,13.334686105551791,41,Mosaic of Crops,Curuai - Regional Watershed,2016,"{""type"":""MultiPoint"",""coordinates"":[]}"
1_1_1_1_1_1_1_2_0,29.31716885270277,0,Unknown,Curuai - Regional Watershed,2017,"{""type"":""MultiPoint"",""coordinates"":[]}"
1_1_1_1_1_1_1_2_1,289615.7272038238,3,Forest Formation,Curuai - Regional Watershed,2017,"{""type"":""MultiPoint"",""coordinates"":[]}"
1_1_1_1_1_1_1_2_2,556.6352411423854,4,Savanna Formation,Curuai - Regional Watershed,2017,"{""type"":""MultiPoint"",""coordinates"":[]}"
1_1_1_1_1_1_1_2_3,18208.726976712067,6,Unknown,Curuai - Regional Watershed,2017,"{""type"":""MultiPoint"",""coordinates"":[]}"
1_1_1_1_1_1_1_2_4,6239.147681202912,11,Wetland,Curuai - Regional Watershed,2017,"{""type"":""MultiPoint"",""coordinates"":[]}"
1_1_1_1_1_1_1_2_5,4275.340807830977,12,Grassland,Curuai - Regional Watershed,2017,"{""type"":""MultiPoint"",""coordinates"":[]}"
1_1_1_1_1_1_1_2_6,4459.388867870995,15,Pasture,Curuai - Regional Watershed,2017,"{""type"":""MultiPoint"",""coordinates"":[]}"
1_1_1_1_1_1_1_2_7,47.79247557327491,20,Sugar Cane,Curuai - Regional Watershed,2017,"{""type"":""MultiPoint"",""coordinates"":[]}"
1_1_1_1_1_1_1_2_8,162.26389467442945,24,Urban Infrastructure,Curuai - Regional Watershed,2017,"{""type"":""MultiPoint"",""coordinates"":[]}"
1_1_1_1_1_1_1_2_9,201.65844368215775,25,Other Non Vegetated,Curuai - Regional Watershed,2017,"{""type"":""MultiPoint"",""coordinates"":[]}"
1_1_1_1_1_1_1_2_10,165.54687402828134,29,Rocky outcrop,Curuai - Regional Watershed,2017,"{""type"":""MultiPoint"",""coordinates"":[]}"
1_1_1_1_1_1_1_2_11,198.34973444873089,30,Mining,Curuai - Regional Watershed,2017,"{""type"":""MultiPoint"",""coordinates"":[]}"
1_1_1_1_1_1_1_2_12,0.535844079772949,31,Aquaculture,Curuai - Regional Watershed,2017,"{""type"":""MultiPoint"",""coordinates"":[]}"
1_1_1_1_1_1_1_2_13,18047.14608437763,33,"River, Lake and Ocean",Curuai - Regional Watershed,2017,"{""type"":""MultiPoint"",""coordinates"":[]}"
1_1_1_1_1_1_1_2_14,0.1787773213500976,35,Unknown,Curuai - Regional Watershed,2017,"{""type"":""MultiPoint"",""coordinates"":[]}"
1_1_1_1_1_1_1_2_15,8.730330856371838,41,Mosaic of Crops,Curuai - Regional Watershed,2017,"{""type"":""MultiPoint"",""coordinates"":[]}"
1_1_1_1_1_1_2_0,23.7917463509878,0,Unknown,Curuai - Regional Watershed,2018,"{""type"":""MultiPoint"",""coordinates"":[]}"
1_1_1_1_1_1_2_1,289694.55875107966,3,Forest Formation,Curuai - Regional Watershed,2018,"{""type"":""MultiPoint"",""coordinates"":[]}"
1_1_1_1_1_1_2_2,556.9172624346986,4,Savanna Formation,Curuai - Regional Watershed,2018,"{""type"":""MultiPoint"",""coordinates"":[]}"
1_1_1_1_1_1_2_3,18331.71353903151,6,Unknown,Curuai - Regional Watershed,2018,"{""type"":""MultiPoint"",""coordinates"":[]}"
1_1_1_1_1_1_2_4,6526.249744590954,11,Wetland,Curuai - Regional Watershed,2018,"{""type"":""MultiPoint"",""coordinates"":[]}"
1_1_1_1_1_1_2_5,4280.549215014934,12,Grassland,Curuai - Regional Watershed,2018,"{""type"":""MultiPoint"",""coordinates"":[]}"
1_1_1_1_1_1_2_6,4302.017893618603,15,Pasture,Curuai - Regional Watershed,2018,"{""type"":""MultiPoint"",""coordinates"":[]}"
1_1_1_1_1_1_2_7,47.78751007413349,20,Sugar Cane,Curuai - Regional Watershed,2018,"{""type"":""MultiPoint"",""coordinates"":[]}"
1_1_1_1_1_1_2_8,164.72712264984472,24,Urban Infrastructure,Curuai - Regional Watershed,2018,"{""type"":""MultiPoint"",""coordinates"":[]}"
1_1_1_1_1_1_2_9,184.09272932711525,25,Other Non Vegetated,Curuai - Regional Watershed,2018,"{""type"":""MultiPoint"",""coordinates"":[]}"
1_1_1_1_1_1_2_10,165.54687402828137,29,Rocky outcrop,Curuai - Regional Watershed,2018,"{""type"":""MultiPoint"",""coordinates"":[]}"
1_1_1_1_1_1_2_11,208.47172782654013,30,Mining,Curuai - Regional Watershed,2018,"{""type"":""MultiPoint"",""coordinates"":[]}"
1_1_1_1_1_1_2_12,0.7055393201904293,31,Aquaculture,Curuai - Regional Watershed,2018,"{""type"":""MultiPoint"",""coordinates"":[]}"
1_1_1_1_1_1_2_13,17723.09111866349,33,"River, Lake and Ocean",Curuai - Regional Watershed,2018,"{""type"":""MultiPoint"",""coordinates"":[]}"
1_1_1_1_1_1_2_14,0.25296227185058584,35,Unknown,Curuai - Regional Watershed,2018,"{""type"":""MultiPoint"",""coordinates"":[]}"
1_1_1_1_1_1_2_15,6.012670195340985,41,Mosaic of Crops,Curuai - Regional Watershed,2018,"{""type"":""MultiPoint"",""coordinates"":[]}"
1_1_1_1_1_2_0,20.73074825220851,0,Unknown,Curuai - Regional Watershed,2019,"{""type"":""MultiPoint"",""coordinates"":[]}"
1_1_1_1_1_2_1,289688.70895384444,3,Forest Formation,Curuai - Regional Watershed,2019,"{""type"":""MultiPoint"",""coordinates"":[]}"
1_1_1_1_1_2_2,557.4844706718101,4,Savanna Formation,Curuai - Regional Watershed,2019,"{""type"":""MultiPoint"",""coordinates"":[]}"
1_1_1_1_1_2_3,18416.92039446332,6,Unknown,Curuai - Regional Watershed,2019,"{""type"":""MultiPoint"",""coordinates"":[]}"
1_1_1_1_1_2_4,6207.434731660469,11,Wetland,Curuai - Regional Watershed,2019,"{""type"":""MultiPoint"",""coordinates"":[]}"
1_1_1_1_1_2_5,4293.344625715209,12,Grassland,Curuai - Regional Watershed,2019,"{""type"":""MultiPoint"",""coordinates"":[]}"
1_1_1_1_1_2_6,4206.1899240432285,15,Pasture,Curuai - Regional Watershed,2019,"{""type"":""MultiPoint"",""coordinates"":[]}"
1_1_1_1_1_2_7,47.9349328694216,20,Sugar Cane,Curuai - Regional Watershed,2019,"{""type"":""MultiPoint"",""coordinates"":[]}"
1_1_1_1_1_2_8,167.04598556064582,24,Urban Infrastructure,Curuai - Regional Watershed,2019,"{""type"":""MultiPoint"",""coordinates"":[]}"
1_1_1_1_1_2_9,176.92962149352113,25,Other Non Vegetated,Curuai - Regional Watershed,2019,"{""type"":""MultiPoint"",""coordinates"":[]}"
1_1_1_1_1_2_10,165.54687402828137,29,Rocky outcrop,Curuai - Regional Watershed,2019,"{""type"":""MultiPoint"",""coordinates"":[]}"
1_1_1_1_1_2_11,219.95945590189874,30,Mining,Curuai - Regional Watershed,2019,"{""type"":""MultiPoint"",""coordinates"":[]}"
1_1_1_1_1_2_12,0.6394868114624022,31,Aquaculture,Curuai - Regional Watershed,2019,"{""type"":""MultiPoint"",""coordinates"":[]}"
1_1_1_1_1_2_13,18042.210855114463,33,"River, Lake and Ocean",Curuai - Regional Watershed,2019,"{""type"":""MultiPoint"",""coordinates"":[]}"
1_1_1_1_1_2_14,0.4880531262817381,35,Unknown,Curuai - Regional Watershed,2019,"{""type"":""MultiPoint"",""coordinates"":[]}"
1_1_1_1_1_2_15,4.917292921648336,41,Mosaic of Crops,Curuai - Regional Watershed,2019,"{""type"":""MultiPoint"",""coordinates"":[]}"
1_1_1_1_2_0,21.05916343042543,0,Unknown,Curuai - Regional Watershed,2020,"{""type"":""MultiPoint"",""coordinates"":[]}"
1_1_1_1_2_1,289536.406406154,3,Forest Formation,Curuai - Regional Watershed,2020,"{""type"":""MultiPoint"",""coordinates"":[]}"
1_1_1_1_2_2,559.1953799945624,4,Savanna Formation,Curuai - Regional Watershed,2020,"{""type"":""MultiPoint"",""coordinates"":[]}"
1_1_1_1_2_3,18436.220529493614,6,Unknown,Curuai - Regional Watershed,2020,"{""type"":""MultiPoint"",""coordinates"":[]}"
1_1_1_1_2_4,6460.01668139567,11,Wetland,Curuai - Regional Watershed,2020,"{""type"":""MultiPoint"",""coordinates"":[]}"
1_1_1_1_2_5,4304.890834937375,12,Grassland,Curuai - Regional Watershed,2020,"{""type"":""MultiPoint"",""coordinates"":[]}"
1_1_1_1_2_6,4253.979995555411,15,Pasture,Curuai - Regional Watershed,2020,"{""type"":""MultiPoint"",""coordinates"":[]}"
1_1_1_1_2_7,48.04304294064957,20,Sugar Cane,Curuai - Regional Watershed,2020,"{""type"":""MultiPoint"",""coordinates"":[]}"
1_1_1_1_2_8,168.87937044318966,24,Urban Infrastructure,Curuai - Regional Watershed,2020,"{""type"":""MultiPoint"",""coordinates"":[]}"
1_1_1_1_2_9,188.19809487886184,25,Other Non Vegetated,Curuai - Regional Watershed,2020,"{""type"":""MultiPoint"",""coordinates"":[]}"
1_1_1_1_2_10,165.54687402828137,29,Rocky outcrop,Curuai - Regional Watershed,2020,"{""type"":""MultiPoint"",""coordinates"":[]}"
1_1_1_1_2_11,267.50773951370155,30,Mining,Curuai - Regional Watershed,2020,"{""type"":""MultiPoint"",""coordinates"":[]}"
1_1_1_1_2_12,0.5438922773437499,31,Aquaculture,Curuai - Regional Watershed,2020,"{""type"":""MultiPoint"",""coordinates"":[]}"
1_1_1_1_2_13,17798.884584485935,33,"River, Lake and Ocean",Curuai - Regional Watershed,2020,"{""type"":""MultiPoint"",""coordinates"":[]}"
1_1_1_1_2_14,0.07865983288574216,35,Unknown,Curuai - Regional Watershed,2020,"{""type"":""MultiPoint"",""coordinates"":[]}"
1_1_1_1_2_15,7.03515711665063,41,Mosaic of Crops,Curuai - Regional Watershed,2020,"{""type"":""MultiPoint"",""coordinates"":[]}"
1_1_1_2_0,20.18776049887146,0,Unknown,Curuai - Regional Watershed,2021,"{""type"":""MultiPoint"",""coordinates"":[]}"
1_1_1_2_1,289451.4242558098,3,Forest Formation,Curuai - Regional Watershed,2021,"{""type"":""MultiPoint"",""coordinates"":[]}"
1_1_1_2_2,559.4114101423895,4,Savanna Formation,Curuai - Regional Watershed,2021,"{""type"":""MultiPoint"",""coordinates"":[]}"
1_1_1_2_3,18460.256886248517,6,Unknown,Curuai - Regional Watershed,2021,"{""type"":""MultiPoint"",""coordinates"":[]}"
1_1_1_2_4,5914.851515772185,11,Wetland,Curuai - Regional Watershed,2021,"{""type"":""MultiPoint"",""coordinates"":[]}"
1_1_1_2_5,4361.027858996138,12,Grassland,Curuai - Regional Watershed,2021,"{""type"":""MultiPoint"",""coordinates"":[]}"
1_1_1_2_6,4153.174434063449,15,Pasture,Curuai - Regional Watershed,2021,"{""type"":""MultiPoint"",""coordinates"":[]}"
1_1_1_2_7,48.11988063211684,20,Sugar Cane,Curuai - Regional Watershed,2021,"{""type"":""MultiPoint"",""coordinates"":[]}"
1_1_1_2_8,171.35917987623344,24,Urban Infrastructure,Curuai - Regional Watershed,2021,"{""type"":""MultiPoint"",""coordinates"":[]}"
1_1_1_2_9,188.2832045275281,25,Other Non Vegetated,Curuai - Regional Watershed,2021,"{""type"":""MultiPoint"",""coordinates"":[]}"
1_1_1_2_10,165.5459800689918,29,Rocky outcrop,Curuai - Regional Watershed,2021,"{""type"":""MultiPoint"",""coordinates"":[]}"
1_1_1_2_11,300.82258890560894,30,Mining,Curuai - Regional Watershed,2021,"{""type"":""MultiPoint"",""coordinates"":[]}"
1_1_1_2_12,0.48942212603759755,31,Aquaculture,Curuai - Regional Watershed,2021,"{""type"":""MultiPoint"",""coordinates"":[]}"
1_1_1_2_13,18400.727910510184,33,"River, Lake and Ocean",Curuai - Regional Watershed,2021,"{""type"":""MultiPoint"",""coordinates"":[]}"
1_1_1_2_14,0.1331888860473633,35,Unknown,Curuai - Regional Watershed,2021,"{""type"":""MultiPoint"",""coordinates"":[]}"
1_1_1_2_15,20.67092941523967,41,Mosaic of Crops,Curuai - Regional Watershed,2021,"{""type"":""MultiPoint"",""coordinates"":[]}"
1_1_2_0,19.874255024389647,0,Unknown,Curuai - Regional Watershed,2022,"{""type"":""MultiPoint"",""coordinates"":[]}"
1_1_2_1,289213.6674779398,3,Forest Formation,Curuai - Regional Watershed,2022,"{""type"":""MultiPoint"",""coordinates"":[]}"
1_1_2_2,557.341619637188,4,Savanna Formation,Curuai - Regional Watershed,2022,"{""type"":""MultiPoint"",""coordinates"":[]}"
1_1_2_3,18375.3028500602,6,Unknown,Curuai - Regional Watershed,2022,"{""type"":""MultiPoint"",""coordinates"":[]}"
1_1_2_4,5056.660150131155,11,Wetland,Curuai - Regional Watershed,2022,"{""type"":""MultiPoint"",""coordinates"":[]}"
1_1_2_5,4340.275790194866,12,Grassland,Curuai - Regional Watershed,2022,"{""type"":""MultiPoint"",""coordinates"":[]}"
1_1_2_6,4396.672007757077,15,Pasture,Curuai - Regional Watershed,2022,"{""type"":""MultiPoint"",""coordinates"":[]}"
1_1_2_7,48.11630616696792,20,Sugar Cane,Curuai - Regional Watershed,2022,"{""type"":""MultiPoint"",""coordinates"":[]}"
1_1_2_8,173.65462380169154,24,Urban Infrastructure,Curuai - Regional Watershed,2022,"{""type"":""MultiPoint"",""coordinates"":[]}"
1_1_2_9,189.6118511048179,25,Other Non Vegetated,Curuai - Regional Watershed,2022,"{""type"":""MultiPoint"",""coordinates"":[]}"
1_1_2_10,165.5424054890968,29,Rocky outcrop,Curuai - Regional Watershed,2022,"{""type"":""MultiPoint"",""coordinates"":[]}"
1_1_2_11,330.6371842213931,30,Mining,Curuai - Regional Watershed,2022,"{""type"":""MultiPoint"",""coordinates"":[]}"
1_1_2_12,0.48585010180664057,31,Aquaculture,Curuai - Regional Watershed,2022,"{""type"":""MultiPoint"",""coordinates"":[]}"
1_1_2_13,19328.395984496,33,"River, Lake and Ocean",Curuai - Regional Watershed,2022,"{""type"":""MultiPoint"",""coordinates"":[]}"
1_1_2_14,0.14480872875976564,35,Unknown,Curuai - Regional Watershed,2022,"{""type"":""MultiPoint"",""coordinates"":[]}"
1_1_2_15,20.10324162355266,41,Mosaic of Crops,Curuai - Regional Watershed,2022,"{""type"":""MultiPoint"",""coordinates"":[]}"
1_2_0,22.848031999597428,0,Unknown,Curuai - Regional Watershed,2023,"{""type"":""MultiPoint"",""coordinates"":[]}"
1_2_1,288959.8617774089,3,Forest Formation,Curuai - Regional Watershed,2023,"{""type"":""MultiPoint"",""coordinates"":[]}"
1_2_2,558.6443723599698,4,Savanna Formation,Curuai - Regional Watershed,2023,"{""type"":""MultiPoint"",""coordinates"":[]}"
1_2_3,19062.197933219348,6,Unknown,Curuai - Regional Watershed,2023,"{""type"":""MultiPoint"",""coordinates"":[]}"
1_2_4,5081.80665323244,11,Wetland,Curuai - Regional Watershed,2023,"{""type"":""MultiPoint"",""coordinates"":[]}"
1_2_5,4328.532084312847,12,Grassland,Curuai - Regional Watershed,2023,"{""type"":""MultiPoint"",""coordinates"":[]}"
1_2_6,4740.129333017819,15,Pasture,Curuai - Regional Watershed,2023,"{""type"":""MultiPoint"",""coordinates"":[]}"
1_2_7,47.97692460843527,20,Sugar Cane,Curuai - Regional Watershed,2023,"{""type"":""MultiPoint"",""coordinates"":[]}"
1_2_8,174.8762215726561,24,Urban Infrastructure,Curuai - Regional Watershed,2023,"{""type"":""MultiPoint"",""coordinates"":[]}"
1_2_9,191.8368262229666,25,Other Non Vegetated,Curuai - Regional Watershed,2023,"{""type"":""MultiPoint"",""coordinates"":[]}"
1_2_10,165.52184593355483,29,Rocky outcrop,Curuai - Regional Watershed,2023,"{""type"":""MultiPoint"",""coordinates"":[]}"
1_2_11,350.6413440094187,30,Mining,Curuai - Regional Watershed,2023,"{""type"":""MultiPoint"",""coordinates"":[]}"
1_2_12,0.45099979364013665,31,Aquaculture,Curuai - Regional Watershed,2023,"{""type"":""MultiPoint"",""coordinates"":[]}"
1_2_13,18518.22568671247,33,"River, Lake and Ocean",Curuai - Regional Watershed,2023,"{""type"":""MultiPoint"",""coordinates"":[]}"
1_2_14,0.14480872875976564,35,Unknown,Curuai - Regional Watershed,2023,"{""type"":""MultiPoint"",""coordinates"":[]}"
1_2_15,12.791563345034605,41,Mosaic of Crops,Curuai - Regional Watershed,2023,"{""type"":""MultiPoint"",""coordinates"":[]}"
2_0,22.138770490891176,0,Unknown,Curuai - Regional Watershed,2024,"{""type"":""MultiPoint"",""coordinates"":[]}"
2_1,288835.18512249837,3,Forest Formation,Curuai - Regional Watershed,2024,"{""type"":""MultiPoint"",""coordinates"":[]}"
2_2,559.154165695419,4,Savanna Formation,Curuai - Regional Watershed,2024,"{""type"":""MultiPoint"",""coordinates"":[]}"
2_3,19284.75945527558,6,Unknown,Curuai - Regional Watershed,2024,"{""type"":""MultiPoint"",""coordinates"":[]}"
2_4,6051.177880629697,11,Wetland,Curuai - Regional Watershed,2024,"{""type"":""MultiPoint"",""coordinates"":[]}"
2_5,4295.25706717125,12,Grassland,Curuai - Regional Watershed,2024,"{""type"":""MultiPoint"",""coordinates"":[]}"
2_6,5058.45937646907,15,Pasture,Curuai - Regional Watershed,2024,"{""type"":""MultiPoint"",""coordinates"":[]}"
2_7,47.985859220801004,20,Sugar Cane,Curuai - Regional Watershed,2024,"{""type"":""MultiPoint"",""coordinates"":[]}"
2_8,176.84812297671567,24,Urban Infrastructure,Curuai - Regional Watershed,2024,"{""type"":""MultiPoint"",""coordinates"":[]}"
2_9,201.9034666583062,25,Other Non Vegetated,Curuai - Regional Watershed,2024,"{""type"":""MultiPoint"",""coordinates"":[]}"
2_10,165.5325725622169,29,Rocky outcrop,Curuai - Regional Watershed,2024,"{""type"":""MultiPoint"",""coordinates"":[]}"
2_11,363.47868598848487,30,Mining,Curuai - Regional Watershed,2024,"{""type"":""MultiPoint"",""coordinates"":[]}"
2_12,0.4930542258300782,31,Aquaculture,Curuai - Regional Watershed,2024,"{""type"":""MultiPoint"",""coordinates"":[]}"
2_13,17141.38809679428,33,"River, Lake and Ocean",Curuai - Regional Watershed,2024,"{""type"":""MultiPoint"",""coordinates"":[]}"
2_14,0.14480872875976564,35,Unknown,Curuai - Regional Watershed,2024,"{""type"":""MultiPoint"",""coordinates"":[]}"
2_15,12.579901091738702,41,Mosaic of Crops,Curuai - Regional Watershed,2024,"{""type"":""MultiPoint"",""coordinates"":[]}"
