,TSS_max,TSS_mean,TSS_min,TSS_stdDev,area_km2,band_count,idx,month_init,time_finish,time_start,water_period,year
0,231.3883514404297,48.812000344234484,8.646607398986816,27.405530067776343,1043.4040130082576,6,0,12,1985-04-09,1984-12-24,R,1984
1,230.72354125976562,26.369014805470904,7.906408309936523,18.243428217787784,1091.495113033965,6,1,4,1985-07-09,1985-04-09,HW,1985
2,233.25125122070312,36.78800539586648,8.202881813049316,24.029145391972634,885.7687563203566,6,2,7,1985-09-23,1985-07-09,F,1985
3,234.16390991210938,59.018131181023875,10.828718185424805,48.529756035490465,981.618495408303,6,3,9,1985-12-16,1985-09-23,LW,1985
4,231.4406280517578,20.104852677257384,8.064193725585938,22.183980188807816,1131.200198435967,6,4,6,1986-08-23,1986-06-08,F,1986
5,235.26026916503906,62.352861493001186,9.728499412536621,37.278322695274156,1005.1201743133837,6,5,8,1986-11-23,1986-08-23,LW,1986
6,234.9059600830078,83.8672426419026,8.897278785705566,51.69661408875029,1123.628482739126,6,6,11,1987-03-09,1986-11-23,R,1986
7,225.5315704345703,29.081711260970717,7.940857887268066,17.1588946001983,1099.7573845232237,6,7,3,1987-06-16,1987-03-09,HW,1987
8,216.69912719726562,24.73253608296235,8.064339637756348,11.955821896852694,1117.0366889115155,6,8,6,1987-09-16,1987-06-16,F,1987
9,235.06117248535156,213.2241006202755,10.753714561462402,33.56270705957812,771.1163744453232,6,9,9,1987-12-24,1987-09-16,LW,1987
10,233.43524169921875,50.6198488780627,8.056079864501953,28.00777125213219,1165.7344021144722,6,10,12,1988-04-08,1987-12-24,R,1987
11,233.7978973388672,38.91258997157194,8.149343490600586,34.865512016620094,957.0126195650645,6,11,7,1988-08-31,1988-07-01,F,1988
12,235.2598876953125,68.53275155911459,8.307052612304688,49.26676874299991,995.0773007545753,6,12,8,1988-11-30,1988-08-31,LW,1988
13,235.20639038085938,99.10875760553472,8.65372371673584,66.66660206615157,870.9216910792363,6,13,11,1989-04-01,1988-11-30,R,1988
14,231.0474853515625,29.21715756621701,7.932968616485596,15.886247268259567,1368.0606732417646,6,14,7,1989-11-08,1989-07-24,F,1989
15,234.18385314941406,153.8277524880621,10.839653015136719,57.725672020115546,1011.4004320410482,6,15,11,1990-01-31,1989-11-08,LW,1989
16,234.993408203125,93.5815120849053,8.22611141204834,54.03505219957476,1337.4237727078732,6,16,1,1990-04-01,1990-01-31,R,1990
17,228.72576904296875,37.58815552403891,7.931285858154297,22.99793325154,1334.5062657957637,6,17,4,1990-06-16,1990-04-01,HW,1990
18,228.5950164794922,22.211906909006757,7.940857887268066,16.523187432068035,1250.4614619488846,6,18,6,1990-09-16,1990-06-16,F,1990
19,235.23265075683594,142.9060334159425,8.863408088684082,63.89988212376158,965.4021193929306,6,19,9,1990-12-24,1990-09-16,LW,1990
20,230.45054626464844,45.13037117938286,8.197819709777832,20.526760039632823,1164.274376579738,6,20,12,1991-04-09,1990-12-24,R,1990
21,232.37664794921875,169.1398788761993,8.927762985229492,39.03634045178261,209.0019331996415,6,21,7,1991-09-23,1991-07-09,F,1991
22,233.8366241455078,213.59236229586026,10.924068450927734,30.63407684029372,938.5822128456325,6,22,9,1991-12-16,1991-09-23,LW,1991
23,235.1419677734375,204.37893503573045,10.519024848937988,39.48268606535243,639.0535037526678,6,23,12,1992-03-16,1991-12-16,R,1991
24,232.68995666503906,47.7888439045139,8.869485855102539,26.18298954366101,1191.8973838925663,6,24,3,1992-06-16,1992-03-16,HW,1992
25,234.5397491455078,52.453124731165865,8.847450256347656,22.530368428283904,1203.4394678567296,6,25,6,1992-09-16,1992-06-16,F,1992
26,234.3448486328125,208.28320143052684,10.839653015136719,40.6355874966359,852.8604312877341,6,26,9,1992-12-16,1992-09-16,LW,1992
27,234.30596923828125,89.19132674183692,10.001495361328125,52.85517588732574,1061.55817848616,6,27,12,1993-03-16,1992-12-16,R,1992
28,231.26535034179688,29.047976631629133,8.025285720825195,18.81849876847554,1401.1877576530658,6,28,3,1993-06-16,1993-03-16,HW,1993
29,225.4464569091797,27.185564738505125,8.226080894470215,15.196567632079546,1422.279251049122,6,29,6,1993-09-16,1993-06-16,F,1993
30,228.5950164794922,17.250906322411925,7.912693023681641,13.951841429929782,1343.0780762036547,6,30,4,1994-07-09,1994-04-09,HW,1994
31,225.48080444335938,28.85259296689093,8.111077308654785,31.73583045184791,924.4623171067302,6,31,7,1994-09-23,1994-07-09,F,1994
32,234.2882080078125,69.32361071351092,10.839653015136719,46.99912155316064,1086.9980963252626,6,32,9,1994-12-24,1994-09-23,LW,1994
33,234.54896545410156,68.10189743027261,8.088418006896973,40.84836732664599,1135.25286697474,6,33,12,1995-04-09,1994-12-24,R,1994
34,226.20791625976562,29.810546101164725,7.940846920013428,25.01008547476604,1212.2644456217733,6,34,7,1995-08-31,1995-07-01,F,1995
35,234.38548278808594,158.83806872727138,10.306994438171387,68.43440119823256,487.1323649525229,6,35,11,1996-03-08,1995-11-23,R,1995
36,231.0649871826172,24.010211260306246,7.910932540893555,18.859751138063,1105.5878839468305,6,36,3,1996-06-16,1996-03-08,HW,1996
37,233.1214599609375,32.388203282985714,8.006062507629395,19.59183935924248,1271.512035034952,6,37,6,1996-09-16,1996-06-16,F,1996
38,235.1846160888672,196.886969535939,9.011154174804688,52.19696921409462,894.626597050151,6,38,9,1996-12-16,1996-09-16,LW,1996
39,230.02052307128906,16.229499160806224,7.890129566192627,9.00393071477684,1271.9366898558246,6,39,3,1997-06-16,1997-03-16,HW,1997
40,215.64157104492188,20.311106037631276,7.925432205200195,12.573516795861513,1394.4259217378697,6,40,6,1997-09-16,1997-06-16,F,1997
41,231.75828552246094,201.87690817595268,10.005043983459473,42.619306585684356,701.9213948230902,6,41,9,1997-12-24,1997-09-16,LW,1997
42,229.26873779296875,50.38511227196604,8.042795181274414,26.517590580335487,1288.2068463346063,6,42,7,1998-08-31,1998-07-01,F,1998
43,234.7637939453125,142.261123666147,8.13782024383545,78.42195368553753,576.6469571402865,6,43,11,1999-04-01,1998-11-30,R,1998
44,224.28599548339844,21.414758963660912,7.879195213317871,23.13235420453193,1296.152876771679,6,44,4,1999-07-09,1999-04-01,HW,1999
45,218.0203399658203,24.320307128219163,7.925432205200195,16.166742837903104,1437.8510603827547,6,45,7,1999-09-23,1999-07-09,F,1999
46,232.8074951171875,170.18502347276527,10.924068450927734,59.116922495993954,881.7249647950983,6,46,9,1999-12-24,1999-09-23,LW,1999
47,234.48280334472656,93.88686224976703,9.016607284545898,68.32542884777558,896.1720387349477,6,47,12,2000-04-08,1999-12-24,R,1999
48,223.8042449951172,17.10488468405033,7.871316909790039,13.654779127886332,1308.1643113751459,6,48,4,2000-07-16,2000-04-08,HW,2000
49,218.72747802734375,24.709793433450137,7.940486431121826,14.493446604978846,1326.5741957042037,6,49,7,2000-10-16,2000-07-16,F,2000
50,233.33509826660156,184.78572523367484,10.839653015136719,54.69632573166754,902.8491141698239,6,50,10,2001-01-07,2000-10-16,LW,2000
51,232.16357421875,86.6593942757707,8.784039497375488,58.235944692463235,1134.295313519154,6,51,1,2001-03-24,2001-01-07,R,2001
52,228.18943786621094,24.950231855790555,7.887654781341553,20.57905879934792,1367.0437435109338,6,52,3,2001-06-16,2001-03-24,HW,2001
53,215.21092224121094,19.340951655754626,7.910932540893555,10.030000402309721,1395.4928578642912,6,53,6,2001-09-16,2001-06-16,F,2001
54,232.54891967773438,172.9158103473386,10.839653015136719,58.28226767045798,812.1861538114164,6,54,9,2001-12-24,2001-09-16,LW,2001
55,235.0374755859375,55.332609976506696,8.50539779663086,29.630173449919006,1156.0449933971743,6,55,12,2002-04-09,2001-12-24,R,2001
56,216.28944396972656,20.549561208566214,7.890129566192627,12.988204241766487,1357.7971873630115,6,56,4,2002-07-09,2002-04-09,HW,2002
57,218.06881713867188,26.7536901760844,8.116841316223145,15.692749933346036,1398.300325030739,6,57,7,2002-09-23,2002-07-09,F,2002
58,234.0359649658203,161.60280280842264,10.839653015136719,65.19973498756657,899.2909782520265,6,58,9,2002-12-24,2002-09-23,LW,2002
59,233.58740234375,106.53181397594017,9.203275680541992,67.70280903777831,936.6414423302443,6,59,12,2003-04-09,2002-12-24,R,2002
60,226.0424346923828,32.65328054953229,7.894221305847168,21.925103723330448,1320.4229579830414,6,60,4,2003-07-09,2003-04-09,HW,2003
61,228.18182373046875,23.056590133663523,8.09087085723877,17.289416070101236,1342.4247985307736,6,61,7,2003-09-23,2003-07-09,F,2003
62,235.16513061523438,176.99009080112776,10.828718185424805,63.959917995316054,1006.5939725160287,6,62,9,2003-12-16,2003-09-23,LW,2003
63,235.435546875,163.3542731362934,8.868292808532715,69.04686826344708,1014.063470306324,6,63,12,2004-03-16,2003-12-16,R,2003
64,232.0974578857422,39.057069985708694,8.056079864501953,26.236009825359268,1362.4633823803026,6,64,3,2004-06-16,2004-03-16,HW,2004
65,232.0791473388672,39.54264805494731,8.241060256958008,17.68869663215676,1344.387070473793,6,65,6,2004-09-16,2004-06-16,F,2004
66,233.75453186035156,178.50024611292463,10.605066299438477,49.86272211125438,937.833274427502,6,66,9,2004-12-16,2004-09-16,LW,2004
67,234.29122924804688,161.74315852028022,8.288423538208008,65.55954871208148,993.8951880683246,6,67,12,2005-03-16,2004-12-16,R,2004
68,232.69281005859375,44.4539171661687,7.932438373565674,28.148291897117954,1458.8827290876723,6,68,3,2005-06-08,2005-03-16,HW,2005
69,217.8419952392578,22.826761424922324,7.932968616485596,11.631618499278671,1459.3398103156192,6,69,6,2005-08-23,2005-06-08,F,2005
70,233.88914489746094,149.22042591912833,10.828718185424805,67.56147314606083,840.001407327343,6,70,8,2005-11-23,2005-08-23,LW,2005
71,228.5950164794922,40.975093651166695,8.094075202941895,19.891280827445357,1265.5818701104417,6,71,11,2006-03-09,2005-11-23,R,2005
72,232.54542541503906,25.341481579739067,7.900279521942139,20.97898148260263,1431.3216756729416,6,72,3,2006-06-16,2006-03-09,HW,2006
73,217.61825561523438,23.632488223077143,8.045127868652344,9.595307504939509,1525.1863525719953,6,73,6,2006-09-16,2006-06-16,F,2006
74,235.14060974121094,183.76212333890675,8.767578125,55.45311301742732,790.9405580131615,6,74,9,2006-12-24,2006-09-16,LW,2006
75,231.75466918945312,60.065311530733446,8.244890213012695,27.6685554347546,1252.3337068014102,6,75,12,2007-04-09,2006-12-24,R,2006
76,222.45623779296875,24.546124793342578,7.912693023681641,16.647023153972526,1458.9276931970849,6,76,4,2007-07-09,2007-04-09,HW,2007
77,229.0827178955078,30.094583144504202,8.048460006713867,16.577484448529578,1431.244499561231,6,77,7,2007-09-23,2007-07-09,F,2007
78,229.03269958496094,107.11740263728997,10.839653015136719,53.951374010524546,951.3347028728538,6,78,9,2007-12-24,2007-09-23,LW,2007
79,228.6107177734375,42.8958957664711,8.030305862426758,20.528865646381057,1424.7736218142916,6,79,12,2008-04-08,2007-12-24,R,2007
80,215.13650512695312,19.610692627396556,7.920907974243164,11.917000702059148,1544.351923470245,6,80,4,2008-07-09,2008-04-08,HW,2008
81,218.30062866210938,27.41978597298247,10.708502769470215,10.521386143719335,1473.9615802765575,6,81,7,2008-09-23,2008-07-09,F,2008
82,234.6470184326172,174.18851457806016,10.839653015136719,56.68583354074914,895.1150323841769,6,82,9,2008-12-16,2008-09-23,LW,2008
83,235.12559509277344,100.3768102594413,8.185346603393555,59.06782549416236,1143.3131323365897,6,83,12,2009-03-16,2008-12-16,R,2008
84,230.37767028808594,25.912715056876497,7.902099609375,16.468539753394616,1533.0528615882608,6,84,3,2009-06-16,2009-03-16,HW,2009
85,215.13650512695312,19.618873856722328,7.940846920013428,6.579395997259359,1632.2603800863171,6,85,6,2009-09-16,2009-06-16,F,2009
86,231.5045166015625,90.69269946593654,10.828718185424805,59.84941164494683,940.3598364668379,6,86,9,2009-12-16,2009-09-16,LW,2009
87,231.9976348876953,64.56680111048527,10.726144790649414,43.85055645020105,1107.374412342253,6,87,12,2010-03-16,2009-12-16,R,2009
88,226.972900390625,24.490891810571117,7.849280834197998,15.499034351203871,1405.6454217937962,6,88,3,2010-06-16,2010-03-16,HW,2010
89,226.06837463378906,27.02832174155575,7.918811321258545,11.888457676981096,1428.3716402360426,6,89,6,2010-09-16,2010-06-16,F,2010
90,233.88414001464844,166.20242919216932,8.173882484436035,64.18444140420185,704.6098963863473,6,90,9,2010-12-24,2010-09-16,LW,2010
91,234.2957305908203,47.53664594192395,8.054278373718262,33.930798785671584,1028.0580175605126,6,91,12,2011-04-09,2010-12-24,R,2010
92,215.13650512695312,18.387730572425713,7.849280834197998,9.579272963435566,1411.0294270963911,6,92,4,2011-07-01,2011-04-09,HW,2011
93,215.53953552246094,24.38359079449372,10.010379791259766,11.162473584889582,1447.818425770927,6,93,7,2011-08-31,2011-07-01,F,2011
94,232.63343811035156,164.94726661599185,9.243779182434082,62.96249560158394,792.9994450613322,6,94,8,2011-11-23,2011-08-31,LW,2011
95,225.85279846191406,23.80689373694818,7.903843879699707,12.71747320382548,1542.015689773139,6,95,3,2012-06-16,2012-03-08,HW,2012
96,215.97470092773438,23.17317998152217,7.944692611694336,8.83293162979944,1545.135801675982,6,96,6,2012-09-16,2012-06-16,F,2012
97,229.2765655517578,173.0432548091945,10.23537540435791,53.78276550829314,663.3043330533433,6,97,9,2012-12-16,2012-09-16,LW,2012
98,225.85279846191406,23.219416401137092,7.910932540893555,16.422054207093232,1444.078915213352,6,98,3,2013-06-16,2013-03-16,HW,2013
99,215.13650512695312,19.97038509847303,7.890129566192627,9.926590157055331,1516.2127367789853,6,99,6,2013-09-16,2013-06-16,F,2013
100,232.88214111328125,75.23563962416996,9.389283180236816,41.332441553225635,1088.595262135832,6,100,9,2013-12-16,2013-09-16,LW,2013
101,216.5937957763672,21.106928542152424,7.899100303649902,11.601760158263152,1554.4139560685096,6,101,3,2014-06-16,2014-03-16,HW,2014
102,215.13650512695312,20.594524761673622,8.12880802154541,8.158254087264071,1575.5705845280804,6,102,6,2014-09-16,2014-06-16,F,2014
103,231.14993286132812,76.65548728280507,8.699872016906738,50.877273043927715,1018.5435616674931,6,103,9,2014-12-24,2014-09-16,LW,2014
104,233.08302307128906,48.16251397973986,8.335250854492188,27.094069385052638,1124.9725785621931,6,104,12,2015-04-09,2014-12-24,R,2014
105,215.53692626953125,20.813529866257102,7.931506156921387,11.980723545805864,1545.6308381379104,6,105,4,2015-07-09,2015-04-09,HW,2015
106,215.9346923828125,22.220565010356772,8.107645988464355,8.684201356851975,1544.5354306011834,6,106,7,2015-09-23,2015-07-09,F,2015
107,228.90313720703125,158.8779550669109,8.829757690429688,69.42873807497533,843.554311912262,6,107,9,2015-12-24,2015-09-23,LW,2015
108,234.69589233398438,125.15940143376002,7.969209671020508,82.1043511235721,589.1910924295852,6,108,12,2016-04-08,2015-12-24,R,2015
109,217.1455841064453,35.42401717849133,7.910932540893555,14.781681171640448,1376.4895053227092,6,109,4,2016-07-09,2016-04-08,HW,2016
110,232.20144653320312,46.6463657193834,8.030111312866211,21.175725265852908,1371.3904525231483,6,110,7,2016-09-23,2016-07-09,F,2016
111,230.12384033203125,181.29711706243074,10.839653015136719,45.93282253268141,785.3439559297509,6,111,9,2016-12-16,2016-09-23,LW,2016
112,234.99539184570312,75.39275313291314,7.932968616485596,59.74952736076549,1028.1850517368887,6,112,12,2017-03-16,2016-12-16,R,2016
113,230.10487365722656,21.08413163515585,7.902323246002197,16.840143148732615,1435.6735694823274,6,113,3,2017-06-08,2017-03-16,HW,2017
114,219.57666015625,20.397643848923458,7.913033962249756,9.019183608098688,1484.8317434647183,6,114,6,2017-08-23,2017-06-08,F,2017
115,230.8618621826172,116.49428816132594,10.828718185424805,74.30866689924513,925.7556352319949,6,115,8,2017-11-30,2017-08-23,LW,2017
116,233.90911865234375,69.07357087570405,8.198188781738281,45.113221161304274,1034.2298070811123,6,116,11,2018-04-01,2017-11-30,R,2017
117,215.76361083984375,21.489996787987415,7.890129566192627,12.990809517997059,1405.9776058565549,6,117,4,2018-07-09,2018-04-01,HW,2018
118,216.3997344970703,18.703375721484843,7.872185707092285,8.426675570578883,1410.7555461079207,6,118,7,2018-09-23,2018-07-09,F,2018
119,231.6390380859375,153.8935259396707,10.828718185424805,67.44808530432398,825.515596555666,6,119,9,2018-12-24,2018-09-23,LW,2018
120,231.57608032226562,50.53650934202023,8.171492576599121,23.514904056990538,1247.3247343956155,6,120,12,2019-04-09,2018-12-24,R,2018
121,220.10504150390625,18.846144772963903,7.871316909790039,12.729590620123581,1399.7703880919507,6,121,4,2019-07-09,2019-04-09,HW,2019
122,220.7078399658203,18.186829049774648,7.932968616485596,8.625177551094962,1471.4185641036038,6,122,7,2019-09-23,2019-07-09,F,2019
123,234.16091918945312,84.63590970783298,9.532992362976074,51.145076982306975,951.6931587099025,6,123,9,2019-12-24,2019-09-23,LW,2019
124,229.1150360107422,44.4127562664043,7.932968616485596,16.887689000789898,1322.433629127874,6,124,12,2020-04-08,2019-12-24,R,2019
125,230.7622833251953,17.942366944557516,7.929745674133301,10.808303292867107,1388.9073479262233,6,125,4,2020-07-09,2020-04-08,HW,2020
126,216.53858947753906,19.252982143073517,7.871316909790039,8.31043875129607,1386.7318863410776,6,126,7,2020-09-23,2020-07-09,F,2020
127,234.13475036621094,156.80679926680426,8.762274742126465,65.34488461086109,870.9230101919843,6,127,9,2020-12-16,2020-09-23,LW,2020
128,233.83187866210938,59.25633343665595,8.58413314819336,37.88091579639914,1062.2312164942164,6,128,12,2021-03-16,2020-12-16,R,2020
129,222.3549041748047,20.479828467574126,7.887654781341553,16.35300503703702,1476.582541807496,6,129,3,2021-06-16,2021-03-16,HW,2021
130,215.6035919189453,18.737271808559303,7.871316909790039,8.016662467637367,1540.6992103579562,6,130,6,2021-09-16,2021-06-16,F,2021
131,233.2685546875,86.126608245818,8.109652519226074,52.2862017105925,1067.8467128055493,6,131,9,2021-12-16,2021-09-16,LW,2021
132,229.90956115722656,54.608522592416996,8.823901176452637,23.875605210957566,1266.3716786458226,6,132,12,2022-03-16,2021-12-16,R,2021
133,215.43914794921875,22.29036628247307,7.890657424926758,15.926302581926713,1546.8258473515014,6,133,3,2022-06-16,2022-03-16,HW,2022
134,215.13650512695312,17.000594966454305,7.912693023681641,6.877647074631695,1538.3428613469405,6,134,6,2022-09-16,2022-06-16,F,2022
135,234.8497314453125,119.85448831793643,8.382858276367188,72.70486163366978,842.9505331267965,6,135,9,2022-12-16,2022-09-16,LW,2022
136,233.82449340820312,49.25365507882115,7.894221305847168,26.29336946422136,1176.8004705409487,6,136,12,2023-03-16,2022-12-16,R,2022
137,215.88955688476562,22.039037825493267,7.863780498504639,12.934526438368765,1381.9801043063344,6,137,3,2023-06-16,2023-03-16,HW,2023
138,215.53128051757812,24.62412453309287,7.912693023681641,8.84538923253411,1398.1011620339107,6,138,6,2023-09-16,2023-06-16,F,2023
139,233.40277099609375,187.41440338572357,8.689016342163086,56.53101428781168,629.2155556177454,6,139,9,2023-12-16,2023-09-16,LW,2023
140,234.74111938476562,63.839445589019306,8.0036039352417,64.34623820173749,502.09348110315426,6,140,12,2024-03-16,2023-12-16,R,2023
